time_open,time_close,side,entry,sl,tp,exit_price,R,MFE_R,MAE_R,module,weekday,gmt_hour,session_bucket,comment
1694087100,1694089844,BUY,15721.38,15649.41,15793.35,15793.83,1.0067,0.9928,-0.0354,VPPOC,4,8,London,VPPOC_REJECT_LONG
1694097900,1694172857,BUY,15730.38,15643.41,15817.35,15642.93,-1.0055,0.6790,-0.9940,VPPOC,4,11,Midday,VPPOC_REJECT_LONG
1694195100,1694423489,SELL,15714.43,15799.74,15629.12,15799.88,-1.0016,0.0639,-0.9899,VPPOC,5,14,USOverlap,VPPOC_REJECT_SHORT
1694515500,1694529918,BUY,15803.48,15706.48,15900.48,15706.43,-1.0005,0.0000,-0.9902,VPPOC,2,7,Frankfurt,VPPOC_REJECT_LONG
1694697300,1694700035,BUY,15657.48,15576.65,15688.28,15688.93,0.3891,0.3767,-0.1800,VPPOC,4,10,London,VPPOC_REJECT_LONG
1695295800,1695302284,BUY,15679.88,15602.09,15718.88,15601.33,-1.0098,0.0315,-0.9969,VPPOC,4,8,London,VPPOC_REJECT_LONG
1695913200,1695924491,BUY,15216.58,15136.02,15297.14,15297.43,1.0036,0.9912,-0.1781,VPPOC,4,12,Midday,VPPOC_REJECT_LONG
1696506300,1696616557,SELL,15115.43,15209.76,14996.08,15211.58,-1.0193,0.9313,-0.9981,VPPOC,4,8,London,VPPOC_REJECT_SHORT
1697131800,1697144942,SELL,15429.73,15515.60,15346.96,15346.78,0.9660,0.9543,-0.1811,VPPOC,4,14,USOverlap,VPPOC_REJECT_SHORT
1697536800,1697648469,BUY,15228.08,15083.25,15372.91,15083.13,-1.0008,0.5071,-0.9939,VPPOC,2,7,Frankfurt,VPPOC_REJECT_LONG
1698228000,1698252725,SELL,14864.33,14976.10,14796.88,14796.28,0.6088,0.5999,-0.4612,VPPOC,3,7,Frankfurt,VPPOC_REJECT_SHORT
1698400800,1698443785,BUY,14740.18,14587.20,14893.16,14586.73,-1.0031,0.5292,-0.9900,VPPOC,5,7,Frankfurt,VPPOC_REJECT_LONG
1698754500,1698830317,SELL,14775.13,14869.57,14680.69,14869.58,-1.0001,0.3542,-0.9948,VPPOC,2,9,London,VPPOC_REJECT_SHORT
1699005600,1699020439,SELL,15207.13,15261.97,15159.98,15159.48,0.8689,0.8507,-0.2106,VPPOC,5,7,Frankfurt,VPPOC_REJECT_SHORT
1699374600,1699455891,BUY,15136.78,15062.96,15210.60,15211.43,1.0112,0.9977,-0.7877,VPPOC,2,13,USOverlap,VPPOC_REJECT_LONG
1699610400,1699622048,SELL,15272.63,15422.43,15229.88,15229.18,0.2901,0.2834,-0.2373,VPPOC,5,7,Frankfurt,VPPOC_REJECT_SHORT
1699639200,1699650512,BUY,15214.68,15115.63,15313.73,15314.13,1.0040,0.9939,-0.0358,VPPOC,5,15,USOverlap,VPPOC_REJECT_LONG
1700042400,1700044928,SELL,15643.13,15692.90,15513.68,15693.18,-1.0056,0.0894,-0.9855,VPPOC,3,7,Frankfurt,VPPOC_REJECT_SHORT
1700215200,1700222830,SELL,15828.73,15926.10,15731.36,15926.28,-1.0018,0.0000,-0.9916,VPPOC,5,7,Frankfurt,VPPOC_REJECT_SHORT
1700560800,1700666698,SELL,15914.43,16001.47,15827.39,16001.88,-1.0047,0.2731,-0.9932,VPPOC,2,7,Frankfurt,VPPOC_REJECT_SHORT
1700820900,1701108394,SELL,15992.83,16055.55,15977.08,15976.88,0.2543,0.2415,-0.9495,VPPOC,5,7,Frankfurt,VPPOC_REJECT_SHORT
1701338400,1701358103,SELL,16205.73,16260.28,16164.18,16261.78,-1.0275,0.5674,-0.9963,VPPOC,4,7,Frankfurt,VPPOC_REJECT_SHORT
1701365400,1701405034,SELL,16223.23,16281.58,16164.18,16281.58,-1.0000,0.2648,-0.9914,VPPOC,4,14,USOverlap,VPPOC_REJECT_SHORT
1701770400,1701777022,SELL,16418.43,16472.29,16364.57,16472.48,-1.0035,0.2126,-0.9850,VPPOC,2,7,Frankfurt,VPPOC_REJECT_SHORT
1702029600,1702058000,SELL,16654.13,16777.41,16530.85,16777.78,-1.0030,0.1018,-0.9989,VPPOC,5,7,Frankfurt,VPPOC_REJECT_SHORT
1702461600,1702500149,SELL,16808.13,16863.39,16752.87,16752.48,1.0071,0.9890,-0.8062,VPPOC,3,7,Frankfurt,VPPOC_REJECT_SHORT
1702980900,1703025696,BUY,16712.38,16625.74,16799.02,16799.83,1.0093,0.9978,-0.2049,VPPOC,2,7,Frankfurt,VPPOC_REJECT_LONG
1703069100,1703109056,SELL,16788.63,16862.98,16713.78,16713.18,1.0148,1.0013,-0.2360,VPPOC,3,7,Frankfurt,VPPOC_REJECT_SHORT
1703239200,1703239285,BUY,16677.88,16619.64,16695.58,16696.33,0.3168,0.2996,-0.0266,VPPOC,5,7,Frankfurt,VPPOC_REJECT_LONG
1703875500,1703884611,BUY,16750.78,16675.19,16782.28,16783.23,0.4293,0.4161,-0.1660,VPPOC,5,15,USOverlap,VPPOC_REJECT_LONG
1704977100,1704987100,SELL,16716.33,16820.16,16687.58,16687.54,0.2773,0.2746,-0.3713,VPPOC,4,9,London,VPPOC_REJECT_SHORT
1704987900,1704994476,SELL,16692.33,16803.16,16581.50,16580.88,1.0056,0.9966,-0.3569,VPPOC,4,12,Midday,VPPOC_REJECT_SHORT
1705684500,1705698216,SELL,16539.83,16619.74,16403.88,16620.38,-1.0080,0.2684,-0.9955,VPPOC,5,14,USOverlap,VPPOC_REJECT_SHORT
1706013000,1706018936,BUY,16664.68,16593.85,16691.58,16692.13,0.3875,0.3734,-0.1631,VPPOC,2,9,London,VPPOC_REJECT_LONG
1706028300,1706029891,BUY,16666.68,16579.85,16691.58,16692.13,0.2931,0.2816,-0.0985,VPPOC,2,13,USOverlap,VPPOC_REJECT_LONG
1706185800,1706203264,SELL,16837.73,16925.85,16699.88,16926.28,-1.0049,0.5044,-0.9935,VPPOC,4,9,London,VPPOC_REJECT_SHORT
1706263200,1706565696,SELL,16882.63,16979.33,16785.93,16979.58,-1.0026,0.2446,-0.9964,VPPOC,5,7,Frankfurt,VPPOC_REJECT_SHORT
1706724900,1706738557,BUY,16933.48,16844.71,16979.78,16843.93,-1.0088,0.0389,-0.9975,VPPOC,3,15,USOverlap,VPPOC_REJECT_LONG
1707300000,1707324230,SELL,17040.03,17110.44,16969.62,16969.58,1.0006,0.9864,-0.1044,VPPOC,3,7,Frankfurt,VPPOC_REJECT_SHORT
1707399900,1707499402,BUY,16958.78,16877.08,17037.38,16876.73,-1.0043,0.9602,-0.9920,VPPOC,4,10,London,VPPOC_REJECT_LONG
1708424100,1708517711,BUY,17070.58,17005.41,17135.75,17136.83,1.0166,0.9859,-0.6836,VPPOC,2,7,Frankfurt,VPPOC_REJECT_LONG
1708690500,1708706835,SELL,17374.33,17434.41,17109.88,17434.88,-1.0078,0.0907,-0.9995,VPPOC,5,9,London,VPPOC_REJECT_SHORT
1709028000,1709031933,SELL,17438.53,17492.82,17384.24,17494.24,-1.0262,0.2109,-0.9926,VPPOC,2,7,Frankfurt,VPPOC_REJECT_SHORT
1709200800,1709203181,SELL,17627.03,17678.06,17594.48,17678.58,-1.0102,0.0000,-0.9906,VPPOC,4,7,Frankfurt,VPPOC_REJECT_SHORT
1709307900,1709625112,SELL,17766.03,17832.84,17685.28,17685.08,1.2116,1.2042,-0.3300,VPPOC,5,12,Midday,VPPOC_REJECT_SHORT
1709651700,1709657337,BUY,17729.78,17671.86,17755.98,17756.23,0.4567,0.4394,-0.3203,VPPOC,2,12,Midday,VPPOC_REJECT_LONG
1709719200,1709725294,BUY,17721.78,17679.03,17764.53,17765.23,1.0164,0.9890,-0.3871,VPPOC,3,7,Frankfurt,VPPOC_REJECT_LONG
1709727300,1709732574,SELL,17747.23,17805.43,17715.48,17715.28,0.5490,0.5318,-0.1040,VPPOC,3,9,London,VPPOC_REJECT_SHORT
1709822700,1709825062,SELL,17748.23,17796.71,17722.98,17796.78,-1.0014,0.5043,-0.9973,VPPOC,4,11,Midday,VPPOC_REJECT_SHORT
1709927100,1710154837,SELL,17824.23,17877.46,17727.48,17727.48,1.8176,1.8091,-0.0291,VPPOC,5,16,Late,VPPOC_REJECT_SHORT
1710324000,1710325348,SELL,18020.93,18054.43,17838.98,18054.78,-1.0104,0.0000,-0.9806,VPPOC,3,7,Frankfurt,VPPOC_REJECT_SHORT
1710326701,1710968428,SELL,18023.23,18100.43,17838.98,18100.50,-1.0009,1.4437,-0.9952,VPPOC,3,7,Frankfurt,VPPOC_REJECT_SHORT
1711045800,1711109332,SELL,18198.63,18258.11,18124.08,18258.68,-1.0096,0.2648,-0.9928,VPPOC,4,15,USOverlap,VPPOC_REJECT_SHORT
1711125900,1711386674,SELL,18247.13,18325.19,18123.38,18326.18,-1.0127,0.1569,-0.9999,VPPOC,5,13,USOverlap,VPPOC_REJECT_SHORT
1711534500,1711549875,SELL,18439.13,18520.45,18282.38,18520.68,-1.0028,0.0000,-0.9905,VPPOC,3,7,Frankfurt,VPPOC_REJECT_SHORT
1711620900,1712055746,SELL,18543.23,18623.09,18446.38,18623.50,-1.0051,0.1747,-0.9992,VPPOC,4,7,Frankfurt,VPPOC_REJECT_SHORT
1712743200,1712765009,BUY,18223.58,18063.83,18383.33,18063.53,-1.0019,0.4535,-0.9987,VPPOC,3,7,Frankfurt,VPPOC_REJECT_LONG
1712775600,1712836791,BUY,18145.08,18080.43,18209.73,18079.83,-1.0093,0.3473,-0.9938,VPPOC,3,16,Late,VPPOC_REJECT_LONG
1713435300,1713439389,SELL,17867.73,17976.36,17822.98,17822.28,0.4184,0.4092,-0.0971,VPPOC,4,7,Frankfurt,VPPOC_REJECT_SHORT
1713456000,1713461822,BUY,17807.28,17725.30,17889.26,17889.60,1.0041,0.9996,-0.5532,VPPOC,4,13,USOverlap,VPPOC_REJECT_LONG
1713540600,1713777541,BUY,17792.18,17696.20,17888.16,17888.63,1.0049,0.9955,-0.8007,VPPOC,5,12,Midday,VPPOC_REJECT_LONG
1713871800,1713880950,SELL,18034.33,18123.04,17914.38,18123.38,-1.0038,0.2587,-0.9926,VPPOC,2,8,London,VPPOC_REJECT_SHORT
1714125600,1715097578,BUY,18063.38,17762.85,18363.91,18364.23,1.0011,0.9999,-0.5136,VPPOC,5,7,Frankfurt,VPPOC_REJECT_LONG
1715185800,1715224566,SELL,18485.23,18565.82,18326.38,18565.88,-1.0007,0.0304,-0.9945,VPPOC,3,13,USOverlap,VPPOC_REJECT_SHORT
1715690700,1715700641,BUY,18741.28,18649.36,18833.20,18649.24,-1.0013,0.0919,-0.9986,VPPOC,2,9,London,VPPOC_REJECT_LONG
1715705100,1715772335,BUY,18743.28,18656.86,18829.70,18829.73,1.0003,0.9888,-0.1336,VPPOC,2,13,USOverlap,VPPOC_REJECT_LONG
1715853600,1715877698,SELL,18873.83,18971.40,18776.26,18775.38,1.0090,0.9906,-0.2906,VPPOC,4,7,Frankfurt,VPPOC_REJECT_SHORT
1715885100,1715942063,BUY,18753.88,18671.36,18868.78,18671.03,-1.0040,0.0297,-0.9943,VPPOC,4,15,USOverlap,VPPOC_REJECT_LONG
1716372000,1716498276,BUY,18704.78,18595.33,18814.23,18594.63,-1.0064,0.6382,-0.9973,VPPOC,3,7,Frankfurt,VPPOC_REJECT_LONG
1716907500,1716911122,SELL,18778.73,18851.06,18731.58,18731.28,0.6560,0.6422,-0.1044,VPPOC,2,11,Midday,VPPOC_REJECT_SHORT
1717071301,1717125393,BUY,18505.38,18443.06,18567.70,18441.53,-1.0246,0.7614,-0.9925,VPPOC,4,9,London,VPPOC_REJECT_LONG
1717177500,1717179314,BUY,18467.38,18386.68,18504.78,18504.83,0.4641,0.4517,-0.0316,VPPOC,5,14,USOverlap,VPPOC_REJECT_LONG
1717690500,1717760141,SELL,18656.63,18741.81,18570.68,18569.98,1.0173,1.0055,-0.2765,VPPOC,4,13,USOverlap,VPPOC_REJECT_SHORT
1717786800,1718010105,BUY,18577.18,18503.70,18650.66,18503.03,-1.0091,0.3600,-0.9683,VPPOC,5,16,Late,VPPOC_REJECT_LONG
1718103600,1718108417,SELL,18517.43,18614.89,18447.68,18444.98,0.7434,0.7126,-0.2416,VPPOC,2,8,London,VPPOC_REJECT_SHORT
1718272800,1718277218,SELL,18620.33,18726.98,18513.68,18512.18,1.0141,0.9953,-0.0520,VPPOC,4,7,Frankfurt,VPPOC_REJECT_SHORT
1718706600,1718709718,SELL,18169.23,18300.36,18100.78,18100.78,0.5220,0.5144,-0.1186,VPPOC,2,7,Frankfurt,VPPOC_REJECT_SHORT
1718799300,1718905198,BUY,18110.78,17995.35,18226.21,18226.23,1.0002,0.9915,-0.3600,VPPOC,3,9,London,VPPOC_REJECT_LONG
1719401400,1719412792,SELL,18330.73,18442.59,18156.98,18156.78,1.5551,1.5461,-0.2481,VPPOC,3,8,London,VPPOC_REJECT_SHORT
1720778400,1720802380,SELL,18564.88,18650.87,18525.08,18651.16,-1.0034,0.3954,-0.9974,VPPOC,5,7,Frankfurt,VPPOC_REJECT_SHORT
1721307600,1721318157,BUY,18482.93,18382.54,18512.13,18512.18,0.2914,0.2814,-0.3631,VPPOC,4,10,London,VPPOC_REJECT_LONG
1721826000,1721893620,BUY,18425.23,18321.60,18528.86,18321.58,-1.0002,0.3961,-0.9905,VPPOC,3,10,London,VPPOC_REJECT_LONG
1722334500,1722357722,BUY,18356.83,18248.49,18465.17,18465.38,1.0019,0.9927,-0.1241,VPPOC,2,7,Frankfurt,VPPOC_REJECT_LONG
1722423600,1722506254,SELL,18548.28,18634.46,18409.33,18408.73,1.6193,1.5961,-0.4230,VPPOC,3,8,London,VPPOC_REJECT_SHORT
1723112100,1723138211,SELL,17479.28,17646.59,17309.83,17646.73,-1.0008,0.2842,-0.9949,VPPOC,4,7,Frankfurt,VPPOC_REJECT_SHORT
1723197600,1723432663,SELL,17684.18,17793.81,17552.13,17794.43,-1.0057,0.6755,-0.9965,VPPOC,5,7,Frankfurt,VPPOC_REJECT_SHORT
1723548600,1723649438,SELL,17748.58,17912.13,17585.03,17912.72,-1.0036,0.4925,-0.9989,VPPOC,2,8,London,VPPOC_REJECT_SHORT
1724148900,1724184001,SELL,18459.28,18579.99,18338.57,18337.73,1.0070,0.9987,-0.3600,VPPOC,2,7,Frankfurt,VPPOC_REJECT_SHORT
1724326200,1724414212,SELL,18490.58,18580.09,18433.03,18580.43,-1.0038,0.5647,-0.9815,VPPOC,4,8,London,VPPOC_REJECT_SHORT
1724752800,1724772586,SELL,18648.23,18735.36,18561.10,18735.78,-1.0048,0.2347,-0.9933,VPPOC,2,7,Frankfurt,VPPOC_REJECT_SHORT
1724927400,1724932965,SELL,18798.23,18886.57,18697.83,18886.78,-1.0024,0.0000,-0.9911,VPPOC,4,7,Frankfurt,VPPOC_REJECT_SHORT
1725012000,1725272390,SELL,18886.23,19030.95,18844.73,18843.78,0.2933,0.2864,-0.6464,VPPOC,5,7,Frankfurt,VPPOC_REJECT_SHORT
1725375600,1725381724,BUY,18892.78,18824.66,18960.90,18824.23,-1.0063,0.1240,-0.9916,VPPOC,2,12,Midday,VPPOC_REJECT_LONG
1725540300,1725617171,BUY,18612.78,18512.66,18712.90,18510.03,-1.0263,0.7736,-0.9978,VPPOC,4,9,London,VPPOC_REJECT_LONG
1725971400,1725986406,BUY,18411.28,18310.68,18511.88,18309.73,-1.0094,0.5512,-0.9995,VPPOC,2,9,London,VPPOC_REJECT_LONG
1726082100,1726087643,BUY,18403.28,18284.95,18446.98,18447.73,0.3756,0.3503,-0.1061,VPPOC,3,16,Late,VPPOC_REJECT_LONG
1726164000,1726173341,SELL,18493.53,18584.92,18346.98,18585.08,-1.0018,0.0487,-0.9908,VPPOC,4,15,USOverlap,VPPOC_REJECT_SHORT
1726230600,1726246146,SELL,18601.63,18682.63,18369.98,18682.68,-1.0006,0.0056,-0.9883,VPPOC,5,9,London,VPPOC_REJECT_SHORT
1726661701,1726693226,SELL,18725.23,18811.29,18657.38,18812.90,-1.0187,0.1778,-0.9729,VPPOC,3,9,London,VPPOC_REJECT_SHORT
1726826400,1726828638,SELL,18907.53,19129.20,18828.43,18827.88,0.3593,0.3548,-0.0611,VPPOC,5,7,Frankfurt,VPPOC_REJECT_SHORT
1727258400,1727342120,SELL,18866.23,19106.08,18626.38,19106.93,-1.0035,0.0686,-0.9979,VPPOC,3,7,Frankfurt,VPPOC_REJECT_SHORT
1727863200,1727878831,BUY,19213.73,19083.16,19344.30,19083.13,-1.0002,0.3630,-0.9926,VPPOC,3,7,Frankfurt,VPPOC_REJECT_LONG
1728036000,1728054727,BUY,18983.13,18896.90,19069.36,19069.68,1.0037,0.9921,-0.3415,VPPOC,5,7,Frankfurt,VPPOC_REJECT_LONG
1728058500,1728275896,SELL,19136.18,19236.66,18986.63,19237.63,-1.0097,0.5329,-0.9997,VPPOC,5,13,USOverlap,VPPOC_REJECT_SHORT
1728409500,1728415766,BUY,19073.53,18973.75,19102.13,19102.58,0.2911,0.2811,-0.1097,VPPOC,2,14,USOverlap,VPPOC_REJECT_LONG
1728469800,1728477105,BUY,19048.03,18950.61,19094.83,19095.58,0.4881,0.4778,-0.0785,VPPOC,3,7,Frankfurt,VPPOC_REJECT_LONG
1728640800,1728666672,SELL,19209.28,19353.80,19064.76,19353.93,-1.0009,0.2114,-0.9995,VPPOC,5,7,Frankfurt,VPPOC_REJECT_SHORT
1729001700,1729079730,SELL,19544.28,19656.02,19424.43,19424.18,1.0748,1.0659,-0.4157,VPPOC,2,11,Midday,VPPOC_REJECT_SHORT
1729159200,1729181410,BUY,19492.48,19346.88,19638.08,19638.93,1.0058,0.9852,-0.1549,VPPOC,4,7,Frankfurt,VPPOC_REJECT_LONG
1729245600,1729264453,SELL,19546.03,19659.21,19462.38,19659.58,-1.0033,0.0835,-0.9944,VPPOC,5,7,Frankfurt,VPPOC_REJECT_SHORT
1729591200,1729690907,SELL,19544.13,19728.35,19359.91,19359.28,1.0034,0.9980,-0.2535,VPPOC,2,7,Frankfurt,VPPOC_REJECT_SHORT
1729764000,1729768577,BUY,19409.28,19311.09,19507.47,19507.73,1.0026,0.9925,-0.0565,VPPOC,4,7,Frankfurt,VPPOC_REJECT_LONG
1729770300,1729843253,SELL,19521.73,19595.37,19391.48,19390.13,1.7871,1.7463,-0.5099,VPPOC,4,8,London,VPPOC_REJECT_SHORT
1729853100,1730086335,BUY,19424.38,19322.62,19526.14,19526.18,1.0004,0.9807,-0.4083,VPPOC,5,7,Frankfurt,VPPOC_REJECT_LONG
1730803500,1730828501,BUY,19140.93,19042.11,19239.75,19241.48,1.0175,0.9973,-0.0875,VPPOC,2,7,Frankfurt,VPPOC_REJECT_LONG
1732124700,1732218263,BUY,19036.83,18877.38,19182.33,19182.98,0.9166,0.9103,-0.8081,VPPOC,3,14,USOverlap,VPPOC_REJECT_LONG
1732286701,1732293917,SELL,19212.18,19333.22,19076.73,19333.33,-1.0009,0.0128,-0.9827,VPPOC,5,11,Midday,VPPOC_REJECT_SHORT
1732874400,1732890335,SELL,19410.58,19532.79,19269.83,19533.03,-1.0020,0.1354,-0.9938,VPPOC,5,7,Frankfurt,VPPOC_REJECT_SHORT
1733479200,1733737476,SELL,20373.48,20472.86,20227.03,20472.93,-1.0007,0.1867,-0.9957,VPPOC,5,7,Frankfurt,VPPOC_REJECT_SHORT
1733913900,1733931166,BUY,20348.33,20254.23,20387.43,20388.38,0.4256,0.4150,-0.0685,VPPOC,3,7,Frankfurt,VPPOC_REJECT_LONG
1734084000,1734085570,SELL,20457.78,20526.57,20388.99,20527.03,-1.0067,0.0371,-0.9922,VPPOC,5,7,Frankfurt,VPPOC_REJECT_SHORT
1734109200,1734351655,SELL,20454.78,20555.77,20353.79,20350.63,1.0313,0.9917,-0.5263,VPPOC,5,14,USOverlap,VPPOC_REJECT_SHORT
1734543900,1734556168,BUY,20321.53,20250.88,20365.03,20250.08,-1.0113,0.1069,-0.9972,VPPOC,3,14,USOverlap,VPPOC_REJECT_LONG
1694087100,1694089844,BUY,15721.38,15649.41,15793.35,15793.83,1.0067,0.9928,-0.0354,VPPOC,4,8,London,VPPOC_REJECT_LONG
1694097900,1694172857,BUY,15730.38,15643.41,15817.35,15642.93,-1.0055,0.6790,-0.9940,VPPOC,4,11,Midday,VPPOC_REJECT_LONG
1694515500,1694529918,BUY,15803.48,15706.48,15900.48,15706.43,-1.0005,0.0000,-0.9902,VPPOC,2,7,Frankfurt,VPPOC_REJECT_LONG
1694697300,1694700035,BUY,15657.48,15576.65,15688.28,15688.93,0.3891,0.3767,-0.1800,VPPOC,4,10,London,VPPOC_REJECT_LONG
1695295800,1695302284,BUY,15679.88,15602.09,15718.88,15601.33,-1.0098,0.0315,-0.9969,VPPOC,4,8,London,VPPOC_REJECT_LONG
1695913200,1695924491,BUY,15216.58,15136.02,15297.14,15297.43,1.0036,0.9912,-0.1781,VPPOC,4,12,Midday,VPPOC_REJECT_LONG
1697536800,1697648469,BUY,15228.08,15083.25,15372.91,15083.13,-1.0008,0.5071,-0.9939,VPPOC,2,7,Frankfurt,VPPOC_REJECT_LONG
1698400800,1698443785,BUY,14740.18,14587.20,14893.16,14586.73,-1.0031,0.5292,-0.9900,VPPOC,5,7,Frankfurt,VPPOC_REJECT_LONG
1699374600,1699455891,BUY,15136.78,15062.96,15210.60,15211.43,1.0112,0.9977,-0.7877,VPPOC,2,13,USOverlap,VPPOC_REJECT_LONG
1699639200,1699650512,BUY,15214.68,15115.63,15313.73,15314.13,1.0040,0.9939,-0.0358,VPPOC,5,15,USOverlap,VPPOC_REJECT_LONG
1702980900,1703025696,BUY,16712.38,16625.74,16799.02,16799.83,1.0093,0.9978,-0.2049,VPPOC,2,7,Frankfurt,VPPOC_REJECT_LONG
1703239200,1703239285,BUY,16677.88,16619.64,16695.58,16696.33,0.3168,0.2996,-0.0266,VPPOC,5,7,Frankfurt,VPPOC_REJECT_LONG
1703875500,1703884611,BUY,16750.78,16675.19,16782.28,16783.23,0.4293,0.4161,-0.1660,VPPOC,5,15,USOverlap,VPPOC_REJECT_LONG
1704989700,1704993042,BUY,16682.88,16595.50,16770.26,16595.33,-1.0019,0.5430,-0.9905,VPPOC,4,13,USOverlap,VPPOC_REJECT_LONG
1706013000,1706018936,BUY,16664.68,16593.85,16691.58,16692.13,0.3875,0.3734,-0.1631,VPPOC,2,9,London,VPPOC_REJECT_LONG
1706028300,1706029891,BUY,16666.68,16579.85,16691.58,16692.13,0.2931,0.2816,-0.0985,VPPOC,2,13,USOverlap,VPPOC_REJECT_LONG
1706724900,1706738557,BUY,16933.48,16844.71,16979.78,16843.93,-1.0088,0.0389,-0.9975,VPPOC,3,15,USOverlap,VPPOC_REJECT_LONG
1707399900,1707499402,BUY,16958.78,16877.08,17037.38,16876.73,-1.0043,0.9602,-0.9920,VPPOC,4,10,London,VPPOC_REJECT_LONG
1708424100,1708517711,BUY,17070.58,17005.41,17135.75,17136.83,1.0166,0.9859,-0.6836,VPPOC,2,7,Frankfurt,VPPOC_REJECT_LONG
1709651700,1709657337,BUY,17729.78,17671.86,17755.98,17756.23,0.4567,0.4394,-0.3203,VPPOC,2,12,Midday,VPPOC_REJECT_LONG
1709719200,1709725294,BUY,17721.78,17679.03,17764.53,17765.23,1.0164,0.9890,-0.3871,VPPOC,3,7,Frankfurt,VPPOC_REJECT_LONG
1710501300,1710505908,BUY,17978.18,17918.72,18016.48,18016.63,0.6467,0.6298,-0.0933,VPPOC,5,8,London,VPPOC_REJECT_LONG
1710843306,1710854513,BUY,17969.18,17901.14,18037.22,18037.43,1.0031,0.9766,-0.1551,VPPOC,2,7,Frankfurt,VPPOC_REJECT_LONG
1712743200,1712765009,BUY,18223.58,18063.83,18383.33,18063.53,-1.0019,0.4535,-0.9987,VPPOC,3,7,Frankfurt,VPPOC_REJECT_LONG
1712775600,1712836791,BUY,18145.08,18080.43,18209.73,18079.83,-1.0093,0.3473,-0.9938,VPPOC,3,16,Late,VPPOC_REJECT_LONG
1713456000,1713461822,BUY,17807.28,17725.30,17889.26,17889.60,1.0041,0.9996,-0.5532,VPPOC,4,13,USOverlap,VPPOC_REJECT_LONG
1713540600,1713777541,BUY,17792.18,17696.20,17888.16,17888.63,1.0049,0.9955,-0.8007,VPPOC,5,12,Midday,VPPOC_REJECT_LONG
1714125600,1715097578,BUY,18063.38,17762.85,18363.91,18364.23,1.0011,0.9999,-0.5136,VPPOC,5,7,Frankfurt,VPPOC_REJECT_LONG
1715690700,1715700641,BUY,18741.28,18649.36,18833.20,18649.24,-1.0013,0.0919,-0.9986,VPPOC,2,9,London,VPPOC_REJECT_LONG
1715705100,1715772335,BUY,18743.28,18656.86,18829.70,18829.73,1.0003,0.9888,-0.1336,VPPOC,2,13,USOverlap,VPPOC_REJECT_LONG
1715885100,1715942063,BUY,18753.88,18671.36,18868.78,18671.03,-1.0040,0.0297,-0.9943,VPPOC,4,15,USOverlap,VPPOC_REJECT_LONG
1716372000,1716498276,BUY,18704.78,18595.33,18814.23,18594.63,-1.0064,0.6382,-0.9973,VPPOC,3,7,Frankfurt,VPPOC_REJECT_LONG
1717071301,1717125393,BUY,18505.38,18443.06,18567.70,18441.53,-1.0246,0.7614,-0.9925,VPPOC,4,9,London,VPPOC_REJECT_LONG
1717177500,1717179314,BUY,18467.38,18386.68,18504.78,18504.83,0.4641,0.4517,-0.0316,VPPOC,5,14,USOverlap,VPPOC_REJECT_LONG
1717786800,1718010105,BUY,18577.18,18503.70,18650.66,18503.03,-1.0091,0.3600,-0.9683,VPPOC,5,16,Late,VPPOC_REJECT_LONG
1718799300,1718905198,BUY,18110.78,17995.35,18226.21,18226.23,1.0002,0.9915,-0.3600,VPPOC,3,9,London,VPPOC_REJECT_LONG
1721307600,1721318157,BUY,18482.93,18382.54,18512.13,18512.18,0.2914,0.2814,-0.3631,VPPOC,4,10,London,VPPOC_REJECT_LONG
1721826000,1721893620,BUY,18425.23,18321.60,18528.86,18321.58,-1.0002,0.3961,-0.9905,VPPOC,3,10,London,VPPOC_REJECT_LONG
1722334500,1722357722,BUY,18356.83,18248.49,18465.17,18465.38,1.0019,0.9927,-0.1241,VPPOC,2,7,Frankfurt,VPPOC_REJECT_LONG
1723558500,1723610989,BUY,17721.53,17569.03,17874.03,17874.48,1.0030,0.9964,-0.1702,VPPOC,2,11,Midday,VPPOC_REJECT_LONG
1725375600,1725381724,BUY,18892.78,18824.66,18960.90,18824.23,-1.0063,0.1240,-0.9916,VPPOC,2,12,Midday,VPPOC_REJECT_LONG
1725540300,1725617171,BUY,18612.78,18512.66,18712.90,18510.03,-1.0263,0.7736,-0.9978,VPPOC,4,9,London,VPPOC_REJECT_LONG
1725971400,1725986406,BUY,18411.28,18310.68,18511.88,18309.73,-1.0094,0.5512,-0.9995,VPPOC,2,9,London,VPPOC_REJECT_LONG
1726082100,1726087643,BUY,18403.28,18284.95,18446.98,18447.73,0.3756,0.3503,-0.1061,VPPOC,3,16,Late,VPPOC_REJECT_LONG
1727863200,1727878831,BUY,19213.73,19083.16,19344.30,19083.13,-1.0002,0.3630,-0.9926,VPPOC,3,7,Frankfurt,VPPOC_REJECT_LONG
1728036000,1728054727,BUY,18983.13,18896.90,19069.36,19069.68,1.0037,0.9921,-0.3415,VPPOC,5,7,Frankfurt,VPPOC_REJECT_LONG
1728409500,1728415766,BUY,19073.53,18973.75,19102.13,19102.58,0.2911,0.2811,-0.1097,VPPOC,2,14,USOverlap,VPPOC_REJECT_LONG
1728469800,1728477105,BUY,19048.03,18950.61,19094.83,19095.58,0.4881,0.4778,-0.0785,VPPOC,3,7,Frankfurt,VPPOC_REJECT_LONG
1729159200,1729181410,BUY,19492.48,19346.88,19638.08,19638.93,1.0058,0.9852,-0.1549,VPPOC,4,7,Frankfurt,VPPOC_REJECT_LONG
1729764000,1729768577,BUY,19409.28,19311.09,19507.47,19507.73,1.0026,0.9925,-0.0565,VPPOC,4,7,Frankfurt,VPPOC_REJECT_LONG
1729853100,1730086335,BUY,19424.38,19322.62,19526.14,19526.18,1.0004,0.9807,-0.4083,VPPOC,5,7,Frankfurt,VPPOC_REJECT_LONG
1730803500,1730828501,BUY,19140.93,19042.11,19239.75,19241.48,1.0175,0.9973,-0.0875,VPPOC,2,7,Frankfurt,VPPOC_REJECT_LONG
1732124700,1732218263,BUY,19036.83,18877.38,19182.33,19182.98,0.9166,0.9103,-0.8081,VPPOC,3,14,USOverlap,VPPOC_REJECT_LONG
1733913900,1733931166,BUY,20348.33,20254.23,20387.43,20388.38,0.4256,0.4150,-0.0685,VPPOC,3,7,Frankfurt,VPPOC_REJECT_LONG
1734543900,1734556168,BUY,20321.53,20250.88,20365.03,20250.08,-1.0113,0.1069,-0.9972,VPPOC,3,14,USOverlap,VPPOC_REJECT_LONG
1694108700,1694172917,BUY,15730.38,15632.41,15828.35,15631.43,-1.0100,0.6027,-0.9998,VPPOC,4,14,USOverlap,VPPOC_REJECT_LONG
1695913200,1695923321,BUY,15216.58,15154.32,15278.84,15279.43,1.0095,0.9934,-0.2305,VPPOC,4,12,Midday,VPPOC_REJECT_LONG
1696518000,1696618869,BUY,15131.98,14983.40,15280.56,15281.03,1.0032,0.9897,-0.7131,VPPOC,4,12,Midday,VPPOC_REJECT_LONG
1697554800,1697555543,BUY,15179.08,15154.25,15200.68,15154.22,-1.0012,0.2195,-0.9887,VPPOC,2,12,Midday,VPPOC_REJECT_LONG
1697556600,1697563399,BUY,15171.88,15085.85,15200.68,15201.53,0.3446,0.3330,-0.6899,VPPOC,2,12,Midday,VPPOC_REJECT_LONG
1697643000,1697648460,BUY,15184.18,15088.51,15265.68,15088.13,-1.0040,0.1092,-0.9935,VPPOC,3,12,Midday,VPPOC_REJECT_LONG
1698418800,1698423759,BUY,14695.68,14600.20,14791.16,14792.13,1.0102,0.9997,-0.0895,VPPOC,5,12,Midday,VPPOC_REJECT_LONG
1699372800,1699459833,BUY,15139.78,15041.96,15237.60,15237.79,1.0019,0.9997,-0.6251,VPPOC,2,13,USOverlap,VPPOC_REJECT_LONG
1702998000,1703113037,BUY,16741.38,16637.74,16845.02,16637.63,-1.0011,0.8920,-0.9914,VPPOC,2,12,Midday,VPPOC_REJECT_LONG
1703257200,1703665646,BUY,16715.88,16619.64,16812.12,16812.13,1.0001,0.9897,-0.2343,VPPOC,5,12,Midday,VPPOC_REJECT_LONG
1704989700,1704993042,BUY,16682.88,16595.50,16770.26,16595.33,-1.0019,0.5430,-0.9905,VPPOC,4,13,USOverlap,VPPOC_REJECT_LONG
1706028300,1706029891,BUY,16666.68,16579.85,16691.58,16692.13,0.2931,0.2816,-0.0985,VPPOC,2,13,USOverlap,VPPOC_REJECT_LONG
1706886000,1707860855,BUY,17006.98,16809.29,17204.67,16809.03,-1.0013,0.3604,-0.9963,VPPOC,5,12,Midday,VPPOC_REJECT_LONG
1708450200,1708519873,BUY,17071.58,16990.41,17152.75,17152.83,1.0010,0.9887,-0.3887,VPPOC,2,14,USOverlap,VPPOC_REJECT_LONG
1709651700,1709657337,BUY,17729.78,17671.86,17755.98,17756.23,0.4567,0.4394,-0.3203,VPPOC,2,12,Midday,VPPOC_REJECT_LONG
1709737200,1709803943,BUY,17744.28,17670.03,17818.53,17669.04,-1.0133,0.2283,-0.9972,VPPOC,3,12,Midday,VPPOC_REJECT_LONG
1712761200,1712764951,BUY,18282.58,18065.33,18499.83,18065.03,-1.0014,0.0021,-0.9968,VPPOC,3,12,Midday,VPPOC_REJECT_LONG
1713456000,1713461822,BUY,17807.28,17725.30,17889.26,17889.60,1.0041,0.9996,-0.5532,VPPOC,4,13,USOverlap,VPPOC_REJECT_LONG
1713540600,1713777541,BUY,17792.18,17696.20,17888.16,17888.63,1.0049,0.9955,-0.8007,VPPOC,5,12,Midday,VPPOC_REJECT_LONG
1714143600,1715103237,BUY,18094.38,17762.85,18425.91,18426.43,1.0016,0.9986,-0.5591,VPPOC,5,12,Midday,VPPOC_REJECT_LONG
1715705100,1715772335,BUY,18743.28,18656.86,18829.70,18829.73,1.0003,0.9888,-0.1336,VPPOC,2,13,USOverlap,VPPOC_REJECT_LONG
1716390000,1716458803,BUY,18673.28,18595.33,18751.23,18751.63,1.0051,0.9923,-0.9756,VPPOC,3,12,Midday,VPPOC_REJECT_LONG
1716484500,1716498344,BUY,18695.18,18592.48,18797.88,18591.63,-1.0083,0.2673,-0.9985,VPPOC,4,14,USOverlap,VPPOC_REJECT_LONG
1717086600,1717125378,BUY,18528.38,18447.06,18609.70,18447.03,-1.0004,0.3007,-0.9942,VPPOC,4,13,USOverlap,VPPOC_REJECT_LONG
1717177500,1717179314,BUY,18467.38,18386.68,18504.78,18504.83,0.4641,0.4517,-0.0316,VPPOC,5,14,USOverlap,VPPOC_REJECT_LONG
1719414000,1719508294,BUY,18152.78,18040.92,18264.64,18264.83,1.0017,0.9928,-0.8917,VPPOC,3,12,Midday,VPPOC_REJECT_LONG
1721838600,1721896209,BUY,18418.23,18314.60,18521.86,18314.58,-1.0002,0.3816,-0.9857,VPPOC,3,13,USOverlap,VPPOC_REJECT_LONG
1722006000,1722535436,BUY,18392.23,18078.42,18706.04,18077.78,-1.0020,0.6088,-0.9957,VPPOC,5,12,Midday,VPPOC_REJECT_LONG
1725548400,1725617221,BUY,18625.78,18500.31,18751.25,18500.03,-1.0022,0.5137,-0.9943,VPPOC,4,12,Midday,VPPOC_REJECT_LONG
1728054000,1728274802,BUY,19053.13,18897.90,19208.36,19208.58,1.0014,0.9827,-0.0287,VPPOC,5,12,Midday,VPPOC_REJECT_LONG
1728409500,1728415766,BUY,19073.53,18973.75,19102.13,19102.58,0.2911,0.2811,-0.1097,VPPOC,2,14,USOverlap,VPPOC_REJECT_LONG
1732124700,1732218263,BUY,19036.83,18877.38,19182.33,19182.98,0.9166,0.9103,-0.8081,VPPOC,3,14,USOverlap,VPPOC_REJECT_LONG
1734534000,1734556369,BUY,20327.53,20226.58,20365.03,20225.08,-1.0149,0.0352,-0.9752,VPPOC,3,12,Midday,VPPOC_REJECT_LONG
1693564200,1693586474,BUY,15940.57,15862.39,16018.75,15862.39,-1.0000,0.6265,-0.9997,VPPOC,5,7,Frankfurt,VPPOC_REJECT_LONG
1694087100,1694088740,BUY,15721.38,15659.15,15783.61,15783.83,1.0035,0.9875,-0.0410,VPPOC,4,8,London,VPPOC_REJECT_LONG
1694097900,1694172674,BUY,15730.38,15653.15,15807.61,15652.73,-1.0054,0.7646,-0.9925,VPPOC,4,11,Midday,VPPOC_REJECT_LONG
1694515500,1694519162,BUY,15803.48,15716.23,15890.73,15716.23,-1.0000,0.0000,-0.9885,VPPOC,2,7,Frankfurt,VPPOC_REJECT_LONG
1694693700,1694700035,BUY,15638.68,15575.68,15688.07,15688.93,0.7976,0.7817,-0.1992,VPPOC,4,9,London,VPPOC_REJECT_LONG
1694704500,1694706105,BUY,15638.78,15573.98,15688.07,15688.23,0.7631,0.7477,-0.4409,VPPOC,4,12,Midday,VPPOC_REJECT_LONG
1695908700,1695924520,BUY,15225.08,15147.93,15302.23,15302.43,1.0026,0.9767,-0.4154,VPPOC,4,10,London,VPPOC_REJECT_LONG
1696428900,1696529410,BUY,15134.18,15039.33,15200.99,15038.43,-1.0095,0.3959,-0.9989,VPPOC,3,11,Midday,VPPOC_REJECT_LONG
1697536800,1697647522,BUY,15228.08,15095.24,15360.92,15095.13,-1.0008,0.5529,-0.9933,VPPOC,2,7,Frankfurt,VPPOC_REJECT_LONG
1698400800,1698443443,BUY,14740.18,14598.54,14881.82,14597.73,-1.0057,0.5715,-0.9987,VPPOC,5,7,Frankfurt,VPPOC_REJECT_LONG
1699374600,1699455770,BUY,15136.78,15073.41,15200.15,15200.43,1.0044,0.9886,-0.9176,VPPOC,2,13,USOverlap,VPPOC_REJECT_LONG
1699625700,1699656644,BUY,15248.18,15168.38,15331.35,15332.13,1.0520,1.0395,-0.9781,VPPOC,5,11,Midday,VPPOC_REJECT_LONG
1701195300,1701227700,BUY,15993.68,15942.96,16011.87,16016.33,0.4466,0.4860,-0.5767,VPPOC,2,15,USOverlap,VPPOC_REJECT_LONG
1702654200,1702893550,BUY,16781.08,16717.96,16987.59,16717.03,-1.0147,0.2891,-0.9989,VPPOC,5,12,Midday,VPPOC_REJECT_LONG
1702980900,1703023286,BUY,16712.38,16634.38,16790.38,16790.83,1.0058,0.9929,-0.2276,VPPOC,2,7,Frankfurt,VPPOC_REJECT_LONG
1703243700,1703261590,BUY,16691.88,16633.90,16749.86,16751.13,1.0219,0.9909,-0.3717,VPPOC,5,8,London,VPPOC_REJECT_LONG
1703763000,1703787255,BUY,16758.08,16702.44,16784.33,16701.03,-1.0253,0.0000,-0.9876,VPPOC,4,8,London,VPPOC_REJECT_LONG
1703844000,1704179510,BUY,16741.78,16665.84,16817.72,16817.73,1.0001,1.0133,-0.3101,VPPOC,5,7,Frankfurt,VPPOC_REJECT_LONG
1704362400,1704474220,BUY,16544.18,16443.68,16644.68,16644.69,1.0001,0.9976,-0.9328,VPPOC,4,7,Frankfurt,VPPOC_REJECT_LONG
1704989700,1704992825,BUY,16682.88,16604.96,16760.80,16604.90,-1.0008,0.6090,-0.9999,VPPOC,4,13,USOverlap,VPPOC_REJECT_LONG
1706028300,1706081610,BUY,16666.68,16590.30,16743.06,16743.53,1.0062,0.9996,-0.4654,VPPOC,2,13,USOverlap,VPPOC_REJECT_LONG
1706707800,1706723883,BUY,16979.48,16898.88,17060.08,16897.93,-1.0118,0.1545,-0.9994,VPPOC,3,10,London,VPPOC_REJECT_LONG
1706801400,1706810345,BUY,16895.38,16846.65,16921.79,16845.83,-1.0168,0.3786,-0.9963,VPPOC,4,12,Midday,VPPOC_REJECT_LONG
1707398100,1707399908,BUY,16945.78,16896.50,16958.83,16959.23,0.2729,0.2526,-0.4576,VPPOC,4,10,London,VPPOC_REJECT_LONG
1707905700,1707918362,BUY,16873.78,16802.13,16941.77,16942.03,0.9525,0.9386,-0.1779,VPPOC,3,7,Frankfurt,VPPOC_REJECT_LONG
1708424100,1708517554,BUY,17070.58,17013.73,17127.43,17127.83,1.0070,0.9894,-0.7836,VPPOC,2,7,Frankfurt,VPPOC_REJECT_LONG
1709648100,1709657320,BUY,17732.78,17680.23,17754.77,17755.23,0.4272,0.4082,-0.4101,VPPOC,2,11,Midday,VPPOC_REJECT_LONG
1709667000,1709676052,BUY,17731.78,17663.23,17754.77,17662.43,-1.0117,0.0000,-0.9971,VPPOC,2,16,Late,VPPOC_REJECT_LONG
1710436500,1710439062,BUY,18002.28,17946.80,18016.57,17946.73,-1.0013,0.0261,-0.9832,VPPOC,4,14,USOverlap,VPPOC_REJECT_LONG
1710497701,1710509511,BUY,17972.18,17905.83,18047.97,18048.12,1.1445,1.1420,-0.1439,VPPOC,5,7,Frankfurt,VPPOC_REJECT_LONG
1710843306,1710854284,BUY,17969.18,17908.93,18029.43,18030.08,1.0108,0.9987,-0.1751,VPPOC,2,7,Frankfurt,VPPOC_REJECT_LONG
1712743200,1712764264,BUY,18223.58,18073.16,18374.00,18073.03,-1.0009,0.4817,-0.9942,VPPOC,3,7,Frankfurt,VPPOC_REJECT_LONG
1712775600,1712836737,BUY,18145.08,18089.76,18200.40,18088.83,-1.0168,0.4058,-0.9987,VPPOC,3,16,Late,VPPOC_REJECT_LONG
1713348900,1713359223,BUY,17837.78,17713.62,17961.94,17963.13,1.0096,0.9886,-0.2944,VPPOC,3,7,Frankfurt,VPPOC_REJECT_LONG
1713434400,1713496854,BUY,17898.28,17736.74,18059.82,17736.33,-1.0025,0.1068,-0.9963,VPPOC,4,7,Frankfurt,VPPOC_REJECT_LONG
1713540600,1713755733,BUY,17792.18,17708.14,17876.22,17877.20,1.0117,0.9941,-0.9144,VPPOC,5,12,Midday,VPPOC_REJECT_LONG
1715690700,1715700638,BUY,18741.28,18660.47,18822.09,18660.46,-1.0001,0.1046,-0.9972,VPPOC,2,9,London,VPPOC_REJECT_LONG
1715705100,1715751704,BUY,18743.28,18667.97,18818.59,18818.93,1.0045,0.9979,-0.1534,VPPOC,2,13,USOverlap,VPPOC_REJECT_LONG
1715874300,1715877762,BUY,18823.38,18766.66,18869.55,18766.63,-1.0005,0.0000,-0.9970,VPPOC,4,12,Midday,VPPOC_REJECT_LONG
1716372000,1716412880,BUY,18704.78,18604.14,18805.42,18603.23,-1.0090,0.2807,-0.9991,VPPOC,3,7,Frankfurt,VPPOC_REJECT_LONG
1717071301,1717125332,BUY,18505.38,18452.15,18558.61,18452.13,-1.0004,0.8914,-0.9463,VPPOC,4,9,London,VPPOC_REJECT_LONG
1717153200,1717153881,BUY,18483.38,18412.83,18505.37,18505.83,0.3182,0.3040,-0.0787,VPPOC,5,8,London,VPPOC_REJECT_LONG
1717163100,1717195810,BUY,18501.38,18417.83,18584.93,18585.33,1.0048,0.9928,-0.7726,VPPOC,5,10,London,VPPOC_REJECT_LONG
1718359200,1718363093,BUY,18279.88,18181.67,18378.09,18180.83,-1.0086,0.3920,-0.9984,VPPOC,5,7,Frankfurt,VPPOC_REJECT_LONG
1718794800,1718879463,BUY,18130.78,18038.95,18222.61,18222.88,1.0029,0.9964,-0.7144,VPPOC,3,8,London,VPPOC_REJECT_LONG
1718973000,1719226240,BUY,18176.38,18086.14,18266.62,18266.96,1.0038,0.9994,-0.9347,VPPOC,5,9,London,VPPOC_REJECT_LONG
1720605600,1720635712,BUY,18285.68,18166.71,18423.04,18423.13,1.1553,1.1469,-0.2904,VPPOC,3,7,Frankfurt,VPPOC_REJECT_LONG
1723558500,1723586587,BUY,17721.53,17586.83,17856.23,17857.08,1.0063,0.9989,-0.1927,VPPOC,2,11,Midday,VPPOC_REJECT_LONG
1724235300,1724237367,BUY,18378.83,18280.33,18405.90,18407.38,0.2898,0.2695,-0.0756,VPPOC,3,7,Frankfurt,VPPOC_REJECT_LONG
1725375600,1725381572,BUY,18892.78,18833.88,18951.68,18833.07,-1.0138,0.1435,-0.9997,VPPOC,2,12,Midday,VPPOC_REJECT_LONG
1725540300,1725596400,BUY,18612.78,18522.43,18703.13,18520.78,-1.0183,0.8572,-0.9961,VPPOC,4,9,London,VPPOC_REJECT_LONG
1725971400,1725985023,BUY,18411.28,18321.45,18501.11,18320.73,-1.0080,0.6173,-0.9858,VPPOC,2,9,London,VPPOC_REJECT_LONG
1726077600,1726081485,BUY,18284.28,18178.41,18390.15,18390.73,1.0055,0.9960,-0.0997,VPPOC,3,15,USOverlap,VPPOC_REJECT_LONG
1726844400,1726850404,BUY,18882.38,18794.20,18984.76,18794.03,-1.0019,0.1185,-0.9906,VPPOC,5,12,Midday,VPPOC_REJECT_LONG
1728036900,1728055814,BUY,18998.63,18909.39,19087.87,19088.39,1.0058,0.9997,-0.0835,VPPOC,5,7,Frankfurt,VPPOC_REJECT_LONG
1728396000,1728492450,BUY,19073.03,18984.45,19161.61,19162.08,1.0053,0.9940,-0.7389,VPPOC,2,11,Midday,VPPOC_REJECT_LONG
1728642600,1728643962,BUY,19203.73,19131.20,19231.60,19232.28,0.3936,0.3798,-0.1172,VPPOC,5,7,Frankfurt,VPPOC_REJECT_LONG
1729159200,1729181280,BUY,19492.48,19358.88,19626.08,19626.93,1.0064,0.9978,-0.1688,VPPOC,4,7,Frankfurt,VPPOC_REJECT_LONG
1729682102,1729691259,BUY,19413.28,19343.73,19482.83,19343.73,-1.0000,0.4809,-0.9856,VPPOC,3,8,London,VPPOC_REJECT_LONG
1729710000,1729717676,BUY,19419.28,19322.88,19515.68,19322.73,-1.0016,0.0000,-0.9912,VPPOC,3,16,Late,VPPOC_REJECT_LONG
1731077100,1731310037,BUY,19253.73,19168.94,19285.50,19287.28,0.3957,0.4782,-0.9252,VPPOC,5,11,Midday,VPPOC_REJECT_LONG
1731502800,1731508655,BUY,19088.53,18986.59,19294.94,18986.08,-1.0050,0.1427,-0.9952,VPPOC,3,10,London,VPPOC_REJECT_LONG
1731667501,1731671075,BUY,19184.83,19044.17,19256.36,19256.38,0.5087,0.5016,-0.0295,VPPOC,5,7,Frankfurt,VPPOC_REJECT_LONG
1732701600,1732707313,BUY,19320.03,19176.14,19463.92,19175.58,-1.0039,0.0525,-0.9969,VPPOC,3,7,Frankfurt,VPPOC_REJECT_LONG
1733855400,1733892180,BUY,20379.43,20313.48,20445.38,20313.08,-1.0061,0.0993,-1.0364,VPPOC,2,15,USOverlap,VPPOC_REJECT_LONG
1733913000,1733931209,BUY,20345.03,20270.21,20392.68,20393.38,0.6462,0.6329,-0.0996,VPPOC,3,7,Frankfurt,VPPOC_REJECT_LONG
1734436800,1734458805,BUY,20358.73,20282.43,20435.03,20282.28,-1.0020,0.4069,-0.9954,VPPOC,2,9,London,VPPOC_REJECT_LONG
1734517800,1734556551,BUY,20299.73,20212.14,20387.32,20212.08,-1.0007,0.7233,-0.9756,VPPOC,3,7,Frankfurt,VPPOC_REJECT_LONG
1693564200,1693571116,BUY,15940.57,15867.75,15989.06,15989.55,0.6726,0.6658,-0.0964,VPPOC,5,7,Frankfurt,VPPOC_REJECT_LONG
1693578600,1693586190,BUY,15936.57,15882.75,15989.06,15882.74,-1.0002,0.5942,-0.9996,VPPOC,5,11,Midday,VPPOC_REJECT_LONG
1694097900,1694172400,BUY,15730.38,15658.12,15802.64,15658.10,-1.0003,0.8172,-0.9974,VPPOC,4,11,Midday,VPPOC_REJECT_LONG
1694515500,1694519137,BUY,15803.48,15721.19,15885.77,15720.87,-1.0039,0.0000,-0.9990,VPPOC,2,7,Frankfurt,VPPOC_REJECT_LONG
1695913200,1695923730,BUY,15216.58,15151.72,15281.44,15282.43,1.0153,0.9998,-0.2212,VPPOC,4,12,Midday,VPPOC_REJECT_LONG
1696428900,1696440598,BUY,15134.18,15045.16,15200.50,15044.73,-1.0048,0.4218,-0.9936,VPPOC,3,11,Midday,VPPOC_REJECT_LONG
1697536800,1697647504,BUY,15228.08,15101.34,15354.82,15100.13,-1.0095,0.5795,-0.9938,VPPOC,2,7,Frankfurt,VPPOC_REJECT_LONG
1698141600,1698169125,BUY,14813.68,14738.66,14888.70,14889.13,1.0057,0.9924,-0.9404,VPPOC,2,7,Frankfurt,VPPOC_REJECT_LONG
1698400800,1698440792,BUY,14740.18,14604.31,14876.05,14604.13,-1.0013,0.5958,-0.9940,VPPOC,5,7,Frankfurt,VPPOC_REJECT_LONG
1699360200,1699376097,BUY,15125.78,15041.73,15147.78,15148.23,0.2671,0.2552,-0.6609,VPPOC,2,9,London,VPPOC_REJECT_LONG
1699438500,1699454095,BUY,15107.48,15045.40,15169.56,15170.43,1.0140,0.9979,-0.3278,VPPOC,3,7,Frankfurt,VPPOC_REJECT_LONG
1699625700,1699638000,BUY,15248.18,15173.44,15332.42,15173.13,-1.0041,0.3673,-0.9908,VPPOC,5,11,Midday,VPPOC_REJECT_LONG
1702980900,1703021685,BUY,16712.38,16638.79,16785.97,16786.83,1.0117,0.9981,-0.2412,VPPOC,2,7,Frankfurt,VPPOC_REJECT_LONG
1703239200,1703239300,BUY,16677.88,16608.25,16699.48,16700.33,0.3224,0.3081,-0.0223,VPPOC,5,7,Frankfurt,VPPOC_REJECT_LONG
1703844000,1704165369,BUY,16741.78,16669.84,16813.72,16813.73,1.0001,1.0696,-0.3274,VPPOC,5,7,Frankfurt,VPPOC_REJECT_LONG
1704989700,1704989781,BUY,16682.88,16609.77,16701.18,16701.33,0.2524,0.2387,-0.0486,VPPOC,4,13,USOverlap,VPPOC_REJECT_LONG
1706028300,1706029891,BUY,16666.68,16595.62,16691.44,16692.13,0.3581,0.3441,-0.1203,VPPOC,2,13,USOverlap,VPPOC_REJECT_LONG
1706033700,1706066100,BUY,16655.68,16600.62,16691.44,16698.53,0.7782,0.9235,-0.4459,VPPOC,2,15,USOverlap,VPPOC_REJECT_LONG
1706707800,1706723843,BUY,16979.48,16903.54,17055.42,16902.93,-1.0080,0.1639,-0.9817,VPPOC,3,10,London,VPPOC_REJECT_LONG
1706803200,1706810301,BUY,16909.38,16849.10,16962.60,16848.83,-1.0045,0.0738,-0.9879,VPPOC,4,13,USOverlap,VPPOC_REJECT_LONG
1707398100,1707399969,BUY,16945.78,16900.79,16960.74,16961.23,0.3434,0.3212,-0.5012,VPPOC,4,10,London,VPPOC_REJECT_LONG
1707476400,1707497453,BUY,16976.98,16917.08,17036.88,16915.73,-1.0225,0.3464,-0.9891,VPPOC,5,8,London,VPPOC_REJECT_LONG
1707905700,1707913114,BUY,16873.78,16806.30,16914.96,16915.03,0.6113,0.5965,-0.1889,VPPOC,3,7,Frankfurt,VPPOC_REJECT_LONG
1708424100,1708517138,BUY,17070.58,17017.97,17123.19,17123.83,1.0122,0.9932,-0.8468,VPPOC,2,7,Frankfurt,VPPOC_REJECT_LONG
1709651700,1709657320,BUY,17729.78,17682.98,17755.12,17755.23,0.5438,0.5224,-0.3964,VPPOC,2,12,Midday,VPPOC_REJECT_LONG
1709666100,1709676041,BUY,17719.78,17666.98,17755.12,17666.23,-1.0142,0.2169,-0.9953,VPPOC,2,16,Late,VPPOC_REJECT_LONG
1710436500,1710438998,BUY,18002.28,17950.71,18015.64,17949.73,-1.0190,0.0281,-0.9996,VPPOC,4,14,USOverlap,VPPOC_REJECT_LONG
1710497701,1710509513,BUY,17972.18,17909.91,18048.26,18048.29,1.2223,1.2195,-0.1534,VPPOC,5,7,Frankfurt,VPPOC_REJECT_LONG
1710844201,1710854582,BUY,17976.18,17912.89,18039.47,18039.63,1.0025,0.9867,-0.1667,VPPOC,2,7,Frankfurt,VPPOC_REJECT_LONG
1712743200,1712764260,BUY,18223.58,18077.90,18369.26,18077.03,-1.0060,0.4973,-0.9991,VPPOC,3,7,Frankfurt,VPPOC_REJECT_LONG
1712775600,1712836606,BUY,18145.08,18094.50,18195.66,18093.83,-1.0132,0.4439,-0.9935,VPPOC,3,16,Late,VPPOC_REJECT_LONG
1713348900,1713359174,BUY,17837.78,17719.66,17955.90,17956.13,1.0019,0.9969,-0.3094,VPPOC,3,7,Frankfurt,VPPOC_REJECT_LONG
1713434400,1713496850,BUY,17898.28,17742.81,18053.75,17742.33,-1.0031,0.1110,-0.9999,VPPOC,4,7,Frankfurt,VPPOC_REJECT_LONG
1713540600,1713755725,BUY,17792.18,17714.21,17870.15,17871.21,1.0136,0.9944,-0.9856,VPPOC,5,12,Midday,VPPOC_REJECT_LONG
1715690700,1715700636,BUY,18741.28,18666.12,18816.44,18666.07,-1.0007,0.1124,-0.9975,VPPOC,2,9,London,VPPOC_REJECT_LONG
1716374700,1716411772,BUY,18702.73,18620.23,18785.23,18620.23,-1.0000,0.3673,-0.9879,VPPOC,3,7,Frankfurt,VPPOC_REJECT_LONG
1717071301,1717125331,BUY,18505.38,18456.77,18553.99,18455.01,-1.0362,0.9761,-0.9772,VPPOC,4,9,London,VPPOC_REJECT_LONG
1717153200,1717153881,BUY,18483.38,18417.49,18505.68,18505.83,0.3407,0.3255,-0.0842,VPPOC,5,8,London,VPPOC_REJECT_LONG
1717163100,1717195805,BUY,18501.38,18422.49,18580.27,18580.33,1.0008,0.9881,-0.8182,VPPOC,5,10,London,VPPOC_REJECT_LONG
1718359200,1718363044,BUY,18279.88,18187.94,18371.82,18187.83,-1.0012,0.4188,-0.9925,VPPOC,5,7,Frankfurt,VPPOC_REJECT_LONG
1718794800,1718879461,BUY,18130.78,18045.43,18216.13,18216.23,1.0012,0.9871,-0.7686,VPPOC,3,8,London,VPPOC_REJECT_LONG
1718973000,1718988341,BUY,18176.38,18092.57,18260.19,18092.51,-1.0007,0.2321,-0.9979,VPPOC,5,9,London,VPPOC_REJECT_LONG
1720608300,1720635712,BUY,18279.68,18203.91,18422.51,18423.13,1.8932,1.8800,-0.0363,VPPOC,3,7,Frankfurt,VPPOC_REJECT_LONG
1721211300,1721225560,BUY,18522.83,18413.39,18632.27,18413.38,-1.0001,0.2152,-0.9910,VPPOC,3,7,Frankfurt,VPPOC_REJECT_LONG
1722335400,1722415292,BUY,18378.83,18267.73,18489.93,18491.48,1.0140,0.9869,-0.3191,VPPOC,2,7,Frankfurt,VPPOC_REJECT_LONG
1723558500,1723585730,BUY,17721.53,17595.89,17847.17,17848.08,1.0072,0.9993,-0.2065,VPPOC,2,11,Midday,VPPOC_REJECT_LONG
1724235300,1724251955,BUY,18378.83,18288.85,18468.81,18469.18,1.0041,0.9930,-0.0828,VPPOC,3,7,Frankfurt,VPPOC_REJECT_LONG
1725375600,1725381122,BUY,18892.78,18838.58,18946.98,18838.23,-1.0065,0.1559,-0.9880,VPPOC,2,12,Midday,VPPOC_REJECT_LONG
1725540300,1725595800,BUY,18612.78,18527.41,18698.15,18522.78,-1.0542,0.9072,-0.9752,VPPOC,4,9,London,VPPOC_REJECT_LONG
1725971400,1725984939,BUY,18411.28,18326.94,18495.62,18326.73,-1.0025,0.6575,-0.9669,VPPOC,2,9,London,VPPOC_REJECT_LONG
1726077600,1726080181,BUY,18284.28,18184.23,18384.33,18384.73,1.0040,0.9840,-0.1054,VPPOC,3,15,USOverlap,VPPOC_REJECT_LONG
1728036900,1728055805,BUY,18998.63,18915.75,19081.51,19081.78,1.0033,0.9965,-0.0899,VPPOC,5,7,Frankfurt,VPPOC_REJECT_LONG
1728409500,1728413781,BUY,19073.53,18993.66,19100.61,19101.58,0.3512,0.3387,-0.1371,VPPOC,2,14,USOverlap,VPPOC_REJECT_LONG
1728642600,1728643962,BUY,19203.73,19137.68,19231.41,19232.28,0.4322,0.4171,-0.1287,VPPOC,5,7,Frankfurt,VPPOC_REJECT_LONG
1729159200,1729181254,BUY,19492.48,19364.98,19619.98,19620.93,1.0075,0.9996,-0.1769,VPPOC,4,7,Frankfurt,VPPOC_REJECT_LONG
1729685700,1729691512,BUY,19433.28,19337.76,19528.80,19337.73,-1.0003,0.1408,-0.9898,VPPOC,3,9,London,VPPOC_REJECT_LONG
1729704600,1729714181,BUY,19446.28,19367.76,19524.80,19367.73,-1.0004,0.2732,-0.9876,VPPOC,3,14,USOverlap,VPPOC_REJECT_LONG
1730812500,1730828442,BUY,19178.93,19092.28,19234.01,19234.48,0.6411,0.6295,-0.3860,VPPOC,2,10,London,VPPOC_REJECT_LONG
1730973600,1730975094,BUY,19100.73,18952.44,19249.02,19249.28,1.0018,0.9950,-0.0125,VPPOC,4,7,Frankfurt,VPPOC_REJECT_LONG
1731695400,1731899717,BUY,19221.33,19105.21,19257.55,19277.08,0.4801,0.6265,-0.6153,VPPOC,5,15,USOverlap,VPPOC_REJECT_LONG
1732701600,1732707251,BUY,19320.03,19184.42,19455.64,19181.58,-1.0209,0.0557,-0.9914,VPPOC,3,7,Frankfurt,VPPOC_REJECT_LONG
1733911200,1733911203,BUY,20338.33,20303.40,20351.97,20352.88,0.4165,0.3879,-0.0701,VPPOC,3,7,Frankfurt,VPPOC_REJECT_LONG
1734117300,1734351671,BUY,20424.73,20347.98,20501.48,20347.18,-1.0104,1.0443,-0.9974,VPPOC,5,16,Late,VPPOC_REJECT_LONG
1734436800,1734456128,BUY,20358.73,20287.77,20429.69,20286.78,-1.0140,0.4376,-0.9999,VPPOC,2,9,London,VPPOC_REJECT_LONG
1734517800,1734556547,BUY,20299.73,20217.36,20382.10,20217.08,-1.0034,0.7691,-0.9913,VPPOC,3,7,Frankfurt,VPPOC_REJECT_LONG
1694087100,1694088641,BUY,15721.38,15662.37,15780.39,15780.83,1.0075,0.9905,-0.0432,VPPOC,4,8,London,VPPOC_REJECT_LONG
1694097900,1694172401,BUY,15730.38,15656.37,15804.39,15656.22,-1.0020,0.7979,-0.9992,VPPOC,4,11,Midday,VPPOC_REJECT_LONG
1695908700,1695924506,BUY,15225.08,15151.35,15298.81,15299.43,1.0084,0.9948,-0.4347,VPPOC,4,10,London,VPPOC_REJECT_LONG
1696847400,1696853115,BUY,15116.38,15051.92,15180.84,15181.83,1.0154,0.9998,-0.4584,VPPOC,1,7,Frankfurt,VPPOC_REJECT_LONG
1696865400,1696885076,BUY,15116.38,15038.92,15193.84,15194.33,1.0063,0.9934,-0.4822,VPPOC,1,12,Midday,VPPOC_REJECT_LONG
1698318900,1698322598,BUY,14723.38,14661.10,14785.66,14659.53,-1.0252,0.0072,-0.9963,VPPOC,4,8,London,VPPOC_REJECT_LONG
1698346800,1698348411,BUY,14727.58,14659.50,14795.66,14659.03,-1.0069,0.0000,-0.9922,VPPOC,4,16,Late,VPPOC_REJECT_LONG
1698400800,1698438730,BUY,14740.18,14608.98,14871.38,14608.13,-1.0065,0.6170,-0.9989,VPPOC,5,7,Frankfurt,VPPOC_REJECT_LONG
1698688800,1698697806,BUY,14706.08,14628.87,14744.11,14744.53,0.4980,0.4850,-0.3568,VPPOC,1,15,USOverlap,VPPOC_REJECT_LONG
1699378200,1699433587,BUY,15153.78,15084.85,15222.71,15084.63,-1.0032,0.6449,-0.9887,VPPOC,2,14,USOverlap,VPPOC_REJECT_LONG
1699443900,1699454102,BUY,15112.48,15052.62,15172.34,15172.43,1.0015,0.9848,-0.4235,VPPOC,3,8,London,VPPOC_REJECT_LONG
1700495100,1700510611,BUY,15890.28,15823.15,15926.05,15926.73,0.5430,0.5281,-0.1572,VPPOC,1,12,Midday,VPPOC_REJECT_LONG
1701087300,1701162863,BUY,16006.68,15950.85,16062.51,15950.23,-1.0111,0.3842,-0.9932,VPPOC,1,9,London,VPPOC_REJECT_LONG
1701252000,1701254374,BUY,16024.58,15960.80,16088.36,16088.93,1.0089,0.9933,-0.2611,VPPOC,3,7,Frankfurt,VPPOC_REJECT_LONG
1703153700,1703160406,BUY,16706.98,16650.40,16798.31,16649.43,-1.0171,0.1317,-0.9995,VPPOC,4,7,Frankfurt,VPPOC_REJECT_LONG
1703239200,1703239284,BUY,16677.88,16643.75,16695.14,16695.33,0.5113,0.4820,-0.0454,VPPOC,5,7,Frankfurt,VPPOC_REJECT_LONG
1703878200,1703885149,BUY,16748.78,16707.63,16789.93,16790.23,1.0073,0.9830,-0.0620,VPPOC,5,16,Late,VPPOC_REJECT_LONG
1704396600,1704439233,BUY,16614.18,16552.78,16779.96,16552.40,-1.0062,0.0000,-0.9941,VPPOC,4,16,Late,VPPOC_REJECT_LONG
1704989700,1704989789,BUY,16682.88,16608.07,16702.41,16703.33,0.2734,0.2600,-0.0475,VPPOC,4,13,USOverlap,VPPOC_REJECT_LONG
1705320000,1705331463,BUY,16685.18,16627.27,16743.09,16627.03,-1.0041,0.1114,-0.9869,VPPOC,1,9,London,VPPOC_REJECT_LONG
1706028300,1706029883,BUY,16666.68,16593.75,16690.45,16691.13,0.3353,0.3215,-0.1172,VPPOC,2,13,USOverlap,VPPOC_REJECT_LONG
1706033700,1706066100,BUY,16655.68,16598.75,16690.45,16698.53,0.7527,0.8932,-0.4312,VPPOC,2,15,USOverlap,VPPOC_REJECT_LONG
1706868000,1707840567,BUY,16982.98,16853.16,17112.80,16853.02,-1.0011,0.7337,-0.9966,VPPOC,5,7,Frankfurt,VPPOC_REJECT_LONG
1708424100,1708517461,BUY,17070.58,17016.48,17124.68,17124.83,1.0028,0.9843,-0.8235,VPPOC,2,7,Frankfurt,VPPOC_REJECT_LONG
1709556300,1709568842,BUY,17753.78,17714.32,17793.24,17714.23,-1.0023,0.3662,-0.9769,VPPOC,1,9,London,VPPOC_REJECT_LONG
1709651700,1709657337,BUY,17729.78,17681.66,17755.63,17756.23,0.5497,0.5289,-0.3855,VPPOC,2,12,Midday,VPPOC_REJECT_LONG
1709719200,1709723910,BUY,17721.78,17688.54,17755.02,17755.23,1.0063,0.9762,-0.4979,VPPOC,3,7,Frankfurt,VPPOC_REJECT_LONG
1712775600,1712836621,BUY,18145.08,18092.83,18197.33,18092.83,-1.0000,0.4297,-0.9809,VPPOC,3,16,Late,VPPOC_REJECT_LONG
1713434400,1713496853,BUY,17898.28,17740.67,18055.89,17739.83,-1.0053,0.1094,-0.9958,VPPOC,4,7,Frankfurt,VPPOC_REJECT_LONG
1714734000,1714734413,BUY,17965.48,17884.58,17987.77,17989.93,0.3022,0.2726,-0.0315,VPPOC,5,8,London,VPPOC_REJECT_LONG
1715680800,1715700614,BUY,18758.28,18705.63,18810.93,18705.51,-1.0023,0.0465,-0.9977,VPPOC,2,7,Frankfurt,VPPOC_REJECT_LONG
1715885100,1715927563,BUY,18753.88,18685.06,18869.26,18684.53,-1.0077,0.0356,-0.9859,VPPOC,4,15,USOverlap,VPPOC_REJECT_LONG
1716288300,1716291644,BUY,18754.18,18695.79,18778.07,18695.13,-1.0113,0.0000,-0.9942,VPPOC,2,7,Frankfurt,VPPOC_REJECT_LONG
1717071301,1717125331,BUY,18505.38,18455.14,18555.62,18455.01,-1.0026,0.9445,-0.9455,VPPOC,4,9,London,VPPOC_REJECT_LONG
1717150500,1717176370,BUY,18507.38,18445.85,18568.91,18445.83,-1.0003,0.7874,-0.9841,VPPOC,5,7,Frankfurt,VPPOC_REJECT_LONG
1717184700,1717195411,BUY,18497.33,18441.85,18552.81,18553.33,1.0094,0.9913,-0.1712,VPPOC,5,16,Late,VPPOC_REJECT_LONG
1718032500,1718036627,BUY,18483.98,18420.48,18547.48,18420.43,-1.0008,0.1016,-0.9850,VPPOC,1,12,Midday,VPPOC_REJECT_LONG
1718285400,1718297758,BUY,18434.38,18363.38,18633.93,18362.83,-1.0077,0.7620,-0.9937,VPPOC,4,10,London,VPPOC_REJECT_LONG
1718799300,1718879461,BUY,18110.78,18012.29,18209.27,18209.43,1.0016,0.9996,-0.4219,VPPOC,3,9,London,VPPOC_REJECT_LONG
1721313901,1721324577,BUY,18498.63,18425.07,18572.19,18424.18,-1.0121,0.6056,-0.9985,VPPOC,4,11,Midday,VPPOC_REJECT_LONG
1722278700,1722355415,BUY,18344.93,18260.59,18448.56,18449.38,1.2384,1.2266,-0.8816,VPPOC,1,15,USOverlap,VPPOC_REJECT_LONG
1722507300,1722508730,BUY,18414.73,18346.70,18499.55,18346.28,-1.0062,0.1551,-0.9768,VPPOC,4,7,Frankfurt,VPPOC_REJECT_LONG
1723561200,1723573695,BUY,17721.03,17628.69,17813.37,17814.08,1.0077,0.9969,-0.0374,VPPOC,2,12,Midday,VPPOC_REJECT_LONG
1724670900,1724736748,BUY,18595.78,18505.47,18648.38,18648.48,0.5835,0.5808,-0.2940,VPPOC,1,8,London,VPPOC_REJECT_LONG
1725295500,1725299416,BUY,18911.78,18856.56,18947.91,18948.23,0.6601,0.6420,-0.1729,VPPOC,1,13,USOverlap,VPPOC_REJECT_LONG
1725375600,1725381126,BUY,18892.78,18836.93,18948.63,18836.23,-1.0125,0.1513,-0.9946,VPPOC,2,12,Midday,VPPOC_REJECT_LONG
1725540300,1725595800,BUY,18612.78,18525.65,18699.91,18522.78,-1.0329,0.8889,-0.9555,VPPOC,4,9,London,VPPOC_REJECT_LONG
1726506000,1726522207,BUY,18666.18,18560.87,18710.17,18710.63,0.4221,0.4126,-0.4040,VPPOC,1,14,USOverlap,VPPOC_REJECT_LONG
1726853400,1727098844,BUY,18759.88,18658.01,18828.44,18829.23,0.6808,0.6710,-0.7166,VPPOC,5,14,USOverlap,VPPOC_REJECT_LONG
1728299700,1728315613,BUY,19061.13,18973.46,19119.30,19120.28,0.6747,0.6633,-0.5492,VPPOC,1,8,London,VPPOC_REJECT_LONG
1728409500,1728492368,BUY,19073.53,18991.30,19155.76,19157.08,1.0161,0.9917,-0.8020,VPPOC,2,14,USOverlap,VPPOC_REJECT_LONG
1729798200,1729858483,BUY,19418.28,19347.29,19489.27,19489.83,1.0079,0.9938,-0.9466,VPPOC,4,16,Late,VPPOC_REJECT_LONG
1730128500,1730130202,BUY,19426.48,19365.17,19456.97,19457.93,0.5130,0.4967,-0.4820,VPPOC,1,12,Midday,VPPOC_REJECT_LONG
1730130300,1730196068,BUY,19467.48,19351.17,19583.79,19583.93,1.0012,0.9982,-0.3241,VPPOC,1,12,Midday,VPPOC_REJECT_LONG
1730466900,1730747354,BUY,19167.23,19101.47,19494.50,19098.98,-1.0379,1.9655,-0.9770,VPPOC,5,10,London,VPPOC_REJECT_LONG
1730816100,1730829777,BUY,19178.93,19107.24,19250.62,19251.48,1.0120,0.9980,-0.4666,VPPOC,2,11,Midday,VPPOC_REJECT_LONG
1731930300,1731934206,BUY,19187.83,19097.48,19214.41,19214.88,0.2994,0.2883,-0.2208,VPPOC,1,8,London,VPPOC_REJECT_LONG
1731957300,1731993371,BUY,19190.73,19099.88,19214.41,19215.28,0.2702,0.2482,-0.6544,VPPOC,1,16,Late,VPPOC_REJECT_LONG
1733743800,1733801498,BUY,20406.43,20319.21,20493.65,20317.68,-1.0175,0.4649,-0.9975,VPPOC,1,8,London,VPPOC_REJECT_LONG
1734543900,1734555990,BUY,20321.53,20264.52,20371.22,20263.88,-1.0112,0.1324,-0.9937,VPPOC,3,14,USOverlap,VPPOC_REJECT_LONG
1693843200,1693890808,BUY,15880.98,15788.38,15930.38,15788.23,-1.0016,0.0481,-0.9908,VPPOC,1,13,USOverlap,VPPOC_REJECT_LONG
1694087100,1694172914,BUY,15721.38,15633.69,15809.07,15632.93,-1.0087,0.8376,-0.9859,VPPOC,4,8,London,VPPOC_REJECT_LONG
1694527200,1694579928,BUY,15763.98,15674.45,15803.45,15673.23,-1.0136,0.0497,-0.9299,VPPOC,2,11,Midday,VPPOC_REJECT_LONG
1694697300,1694714244,BUY,15657.48,15562.10,15804.82,15805.23,1.5491,1.5386,-0.4956,VPPOC,4,10,London,VPPOC_REJECT_LONG
1695295800,1695303404,BUY,15679.88,15587.03,15718.52,15586.33,-1.0075,0.0264,-0.9968,VPPOC,4,8,London,VPPOC_REJECT_LONG
1695913200,1695925933,BUY,15216.58,15119.26,15313.90,15314.43,1.0054,0.9952,-0.1475,VPPOC,4,12,Midday,VPPOC_REJECT_LONG
1696252500,1696266000,BUY,15350.28,15249.60,15490.46,15244.93,-1.0464,0.4018,-0.9689,VPPOC,1,10,London,VPPOC_REJECT_LONG
1696434300,1696599873,BUY,15158.28,15020.43,15200.40,15200.53,0.3065,0.2992,-0.8767,VPPOC,3,12,Midday,VPPOC_REJECT_LONG
1696849200,1696909123,BUY,15130.38,15013.67,15247.09,15247.13,1.0003,0.9961,-0.4400,VPPOC,1,8,London,VPPOC_REJECT_LONG
1697484600,1697558481,BUY,15236.48,15124.16,15389.12,15123.53,-1.0056,0.4501,-0.9967,VPPOC,1,16,Late,VPPOC_REJECT_LONG
1697641200,1697659228,BUY,15175.18,15053.07,15245.09,15052.73,-1.0028,0.1593,-0.9864,VPPOC,3,12,Midday,VPPOC_REJECT_LONG
1698342300,1698407969,BUY,14740.58,14607.07,14813.62,14814.13,0.5509,0.5434,-0.6917,VPPOC,4,14,USOverlap,VPPOC_REJECT_LONG
1699374600,1699459439,BUY,15136.78,15046.11,15227.45,15228.43,1.0108,0.9998,-0.6413,VPPOC,2,13,USOverlap,VPPOC_REJECT_LONG
1701087300,1701165090,BUY,16006.68,15927.98,16085.38,15927.70,-1.0036,0.2726,-0.9954,VPPOC,1,9,London,VPPOC_REJECT_LONG
1702902600,1702919547,BUY,16751.08,16658.17,16843.99,16658.03,-1.0015,0.0048,-0.9907,VPPOC,1,9,London,VPPOC_REJECT_LONG
1703763000,1703863237,BUY,16758.08,16681.11,16778.95,16779.23,0.2748,0.2618,-0.7412,VPPOC,4,8,London,VPPOC_REJECT_LONG
1704281400,1704283166,BUY,16735.88,16660.75,16773.52,16660.70,-1.0007,0.0459,-0.9947,VPPOC,3,8,London,VPPOC_REJECT_LONG
1704362400,1704730436,BUY,16544.18,16419.11,16669.25,16669.43,1.0014,0.9934,-0.7496,VPPOC,4,7,Frankfurt,VPPOC_REJECT_LONG
1705317300,1705374900,BUY,16675.88,16583.09,16703.12,16566.73,-1.1763,0.2851,-1.1979,VPPOC,1,8,London,VPPOC_REJECT_LONG
1706033700,1706066100,BUY,16655.68,16568.01,16691.28,16698.53,0.4888,0.5800,-0.2800,VPPOC,2,15,USOverlap,VPPOC_REJECT_LONG
1706530500,1706552976,BUY,16889.58,16804.29,16949.49,16950.03,0.7088,0.6970,-0.2058,VPPOC,1,9,London,VPPOC_REJECT_LONG
1706722200,1706738557,BUY,16924.48,16842.94,16986.82,16842.93,-1.0001,0.1527,-0.9879,VPPOC,3,14,USOverlap,VPPOC_REJECT_LONG
1706803200,1706828881,BUY,16909.38,16821.80,16974.50,16974.95,0.7487,0.7396,-0.9311,VPPOC,4,13,USOverlap,VPPOC_REJECT_LONG
1707128100,1707240947,BUY,16939.68,16847.54,17031.82,17032.13,1.0034,0.9925,-0.7765,VPPOC,1,7,Frankfurt,VPPOC_REJECT_LONG
1708337700,1708557629,BUY,17091.28,17005.04,17177.52,17179.33,1.0210,0.9999,-0.7566,VPPOC,1,7,Frankfurt,VPPOC_REJECT_LONG
1709550000,1709626074,BUY,17749.78,17676.00,17823.56,17675.93,-1.0009,0.3449,-0.9942,VPPOC,1,8,London,VPPOC_REJECT_LONG
1709663400,1709723910,BUY,17714.78,17643.99,17755.77,17756.23,0.5855,0.5714,-0.9966,VPPOC,2,15,USOverlap,VPPOC_REJECT_LONG
1710789300,1710854510,BUY,17989.68,17916.98,18035.22,18035.63,0.6320,0.6183,-0.8508,VPPOC,1,16,Late,VPPOC_REJECT_LONG
1712830500,1712840800,BUY,18142.38,18053.31,18231.45,18052.83,-1.0054,0.1847,-0.9942,VPPOC,4,7,Frankfurt,VPPOC_REJECT_LONG
1713175200,1713245933,BUY,18049.28,17833.91,18264.65,17832.43,-1.0069,0.9493,-0.9987,VPPOC,1,7,Frankfurt,VPPOC_REJECT_LONG
1713434400,1713499455,BUY,17898.28,17705.55,18091.01,17704.83,-1.0037,0.0895,-0.9960,VPPOC,4,7,Frankfurt,VPPOC_REJECT_LONG
1713540600,1713755700,BUY,17792.18,17676.96,17822.94,17839.73,0.4127,0.2625,-0.6670,VPPOC,5,12,Midday,VPPOC_REJECT_LONG
1714730400,1715007998,BUY,18021.48,17814.46,18228.50,18229.36,1.0042,0.9982,-0.3939,VPPOC,5,7,Frankfurt,VPPOC_REJECT_LONG
1715680800,1715700629,BUY,18758.28,18672.96,18843.60,18672.88,-1.0009,0.0287,-0.9980,VPPOC,2,7,Frankfurt,VPPOC_REJECT_LONG
1715705100,1715774679,BUY,18743.28,18638.96,18847.60,18847.73,1.0012,0.9917,-0.1107,VPPOC,2,13,USOverlap,VPPOC_REJECT_LONG
1716374700,1716498288,BUY,18702.73,18592.72,18812.74,18592.63,-1.0008,0.6536,-0.9917,VPPOC,3,7,Frankfurt,VPPOC_REJECT_LONG
1717071301,1717195806,BUY,18505.38,18428.43,18582.33,18582.33,1.0000,0.9870,-0.9272,VPPOC,4,9,London,VPPOC_REJECT_LONG
1717771500,1717773986,BUY,18485.18,18390.54,18522.61,18522.63,0.3957,0.3851,-0.2171,VPPOC,5,11,Midday,VPPOC_REJECT_LONG
1718032500,1718110781,BUY,18483.98,18389.34,18578.62,18387.43,-1.0202,0.8659,-0.9990,VPPOC,1,12,Midday,VPPOC_REJECT_LONG
1718631901,1718908502,BUY,18035.08,17889.96,18264.81,18264.83,1.5832,1.5721,-0.1003,VPPOC,1,10,London,VPPOC_REJECT_LONG
1721307600,1721327532,BUY,18482.93,18363.47,18602.39,18363.18,-1.0024,0.5044,-0.9941,VPPOC,4,10,London,VPPOC_REJECT_LONG
1721826000,1721897091,BUY,18425.23,18302.13,18548.33,18301.58,-1.0045,0.3335,-0.9963,VPPOC,3,10,London,VPPOC_REJECT_LONG
1723558500,1723649431,BUY,17721.53,17540.33,17902.73,17902.81,1.0004,0.9975,-0.1432,VPPOC,2,11,Midday,VPPOC_REJECT_LONG
1724670000,1724687972,BUY,18579.78,18470.20,18625.73,18626.23,0.4239,0.4148,-0.0963,VPPOC,1,8,London,VPPOC_REJECT_LONG
1725288300,1725298211,BUY,18902.78,18813.16,18933.81,18934.23,0.3509,0.3398,-0.1624,VPPOC,1,11,Midday,VPPOC_REJECT_LONG
1725375600,1725382098,BUY,18892.78,18809.78,18975.78,18809.23,-1.0066,0.1018,-0.9946,VPPOC,2,12,Midday,VPPOC_REJECT_LONG
1725540300,1725617482,BUY,18612.78,18496.90,18728.66,18496.03,-1.0075,0.6684,-0.9989,VPPOC,4,9,London,VPPOC_REJECT_LONG
1725876000,1725994994,BUY,18391.28,18205.11,18577.45,18203.73,-1.0074,0.6919,-0.9967,VPPOC,1,7,Frankfurt,VPPOC_REJECT_LONG
1726052401,1726074899,BUY,18362.28,18263.98,18448.49,18262.73,-1.0127,0.8693,-0.9924,VPPOC,3,8,London,VPPOC_REJECT_LONG
1726080300,1726087648,BUY,18386.28,18245.48,18448.49,18454.73,0.4862,0.4364,-0.2738,VPPOC,3,15,USOverlap,VPPOC_REJECT_LONG
1726853400,1727151158,BUY,18759.88,18619.52,18900.24,18900.78,1.0038,0.9967,-0.5201,VPPOC,5,14,USOverlap,VPPOC_REJECT_LONG
1728045000,1728082653,BUY,19049.13,18920.01,19205.67,19205.68,1.2124,1.2047,-0.1274,VPPOC,5,9,London,VPPOC_REJECT_LONG
1728305100,1728315492,BUY,19070.43,18921.02,19119.27,19119.28,0.3270,0.3241,-0.1235,VPPOC,1,9,London,VPPOC_REJECT_LONG
1728396000,1728426878,BUY,19073.03,18949.97,19106.66,19107.58,0.2808,0.2726,-0.2190,VPPOC,2,11,Midday,VPPOC_REJECT_LONG
1729091700,1729098254,BUY,19458.18,19329.09,19498.81,19499.63,0.3211,0.3056,-0.1592,VPPOC,3,12,Midday,VPPOC_REJECT_LONG
1729107901,1729157931,BUY,19456.18,19320.09,19498.81,19498.93,0.3141,0.3068,-0.1690,VPPOC,3,16,Late,VPPOC_REJECT_LONG
1729764900,1730199666,BUY,19460.93,19292.66,19629.20,19629.93,1.0043,0.9984,-0.6528,VPPOC,4,7,Frankfurt,VPPOC_REJECT_LONG
1730748600,1730806715,BUY,19133.43,19015.70,19219.82,19220.48,0.7394,0.7309,-0.2459,VPPOC,1,16,Late,VPPOC_REJECT_LONG
1731940200,1731994289,BUY,19192.23,19007.80,19240.15,19240.28,0.2605,0.2551,-0.5067,VPPOC,1,11,Midday,VPPOC_REJECT_LONG
1733743800,1734085582,BUY,20406.43,20279.69,20533.17,20533.58,1.0032,0.9875,-0.9488,VPPOC,1,8,London,VPPOC_REJECT_LONG
1734436800,1734491705,BUY,20358.73,20254.99,20462.47,20248.28,-1.0647,0.2993,-1.0936,VPPOC,2,9,London,VPPOC_REJECT_LONG
1734522300,1734556554,BUY,20301.23,20210.86,20372.07,20210.08,-1.0086,0.6844,-0.9998,VPPOC,3,8,London,VPPOC_REJECT_LONG
1735554600,1735573200,BUY,19918.93,19819.83,20018.03,19817.98,-1.0187,0.5807,-0.9985,VPPOC,1,7,Frankfurt,VPPOC_REJECT_LONG
1693589400,1693823280,BUY,15903.57,15796.41,15931.54,15931.93,0.2647,0.2553,-0.7374,VPPOC,5,14,USOverlap,VPPOC_REJECT_LONG
1694084400,1694174424,BUY,15731.38,15613.23,15849.53,15612.93,-1.0025,0.5370,-0.9941,VPPOC,4,8,London,VPPOC_REJECT_LONG
1694525400,1694579929,BUY,15763.98,15672.30,15804.66,15672.23,-1.0008,0.1140,-0.9953,VPPOC,2,10,London,VPPOC_REJECT_LONG
1694693700,1694700035,BUY,15638.68,15549.84,15688.22,15688.93,0.5656,0.5544,-0.1413,VPPOC,4,9,London,VPPOC_REJECT_LONG
1694704500,1694706105,BUY,15638.78,15579.14,15688.22,15688.23,0.8291,0.8124,-0.4790,VPPOC,4,12,Midday,VPPOC_REJECT_LONG
1695895200,1695926744,BUY,15228.08,15112.47,15343.69,15344.43,1.0064,0.9978,-0.8524,VPPOC,4,7,Frankfurt,VPPOC_REJECT_LONG
1696500000,1696617480,BUY,15115.98,14996.99,15234.97,15235.03,1.0005,0.9921,-0.7559,VPPOC,4,7,Frankfurt,VPPOC_REJECT_LONG
1697536800,1697647504,BUY,15228.08,15102.09,15354.07,15100.13,-1.0156,0.5830,-0.9997,VPPOC,2,7,Frankfurt,VPPOC_REJECT_LONG
1698141600,1698169120,BUY,14813.68,14739.39,14887.97,14888.13,1.0022,0.9887,-0.9497,VPPOC,2,7,Frankfurt,VPPOC_REJECT_LONG
1698400800,1698440792,BUY,14740.18,14605.02,14875.34,14604.13,-1.0066,0.5989,-0.9992,VPPOC,5,7,Frankfurt,VPPOC_REJECT_LONG
1699372800,1699460354,BUY,15139.78,15029.38,15250.18,15250.43,1.0023,0.9932,-0.5539,VPPOC,2,13,USOverlap,VPPOC_REJECT_LONG
1701195300,1701227700,BUY,15993.68,15947.32,16012.34,16016.33,0.4886,0.5317,-0.6309,VPPOC,2,15,USOverlap,VPPOC_REJECT_LONG
1702665000,1702894943,BUY,16788.08,16693.62,16885.08,16693.42,-1.0021,0.0048,-0.9996,VPPOC,5,15,USOverlap,VPPOC_REJECT_LONG
1702980900,1703021666,BUY,16712.38,16639.33,16785.43,16785.83,1.0055,0.9918,-0.2430,VPPOC,2,7,Frankfurt,VPPOC_REJECT_LONG
1703153700,1703160392,BUY,16706.98,16652.51,16797.60,16652.43,-1.0015,0.1368,-0.9831,VPPOC,4,7,Frankfurt,VPPOC_REJECT_LONG
1703174400,1703662141,BUY,16705.98,16607.31,16797.60,16797.63,0.9289,1.0505,-0.4110,VPPOC,4,13,USOverlap,VPPOC_REJECT_LONG
1703844000,1704165369,BUY,16741.78,16670.33,16813.23,16813.73,1.0070,1.0770,-0.3296,VPPOC,5,7,Frankfurt,VPPOC_REJECT_LONG
1704281400,1704282540,BUY,16735.88,16687.94,16773.98,16687.33,-1.0127,0.0720,-0.9919,VPPOC,3,8,London,VPPOC_REJECT_LONG
1704378600,1704458289,BUY,16562.18,16470.86,16776.92,16470.03,-1.0091,0.8043,-0.9938,VPPOC,4,11,Midday,VPPOC_REJECT_LONG
1704468600,1704473471,BUY,16509.18,16423.12,16595.24,16595.43,1.0022,0.9906,-0.6827,VPPOC,5,12,Midday,VPPOC_REJECT_LONG
1704989700,1704992815,BUY,16682.88,16610.36,16755.40,16610.33,-1.0004,0.6543,-0.9866,VPPOC,4,13,USOverlap,VPPOC_REJECT_LONG
1705072500,1705075049,BUY,16644.78,16587.49,16701.72,16702.23,1.0028,0.9853,-0.0620,VPPOC,5,12,Midday,VPPOC_REJECT_LONG
1705572000,1705587202,BUY,16472.18,16310.35,16563.74,16564.63,0.5713,0.5651,-0.2753,VPPOC,4,7,Frankfurt,VPPOC_REJECT_LONG
1706033700,1706066100,BUY,16655.68,16601.28,16690.66,16698.53,0.7877,0.9347,-0.4513,VPPOC,2,15,USOverlap,VPPOC_REJECT_LONG
1706722200,1706729800,BUY,16924.48,16872.11,16972.40,16870.93,-1.0225,0.2186,-0.9843,VPPOC,3,14,USOverlap,VPPOC_REJECT_LONG
1706868000,1707862723,BUY,16982.98,16792.35,17173.61,16791.83,-1.0027,0.4997,-0.9975,VPPOC,5,7,Frankfurt,VPPOC_REJECT_LONG
1707905700,1707950401,BUY,16873.78,16825.01,16987.92,16988.83,2.3590,2.3385,-0.2614,VPPOC,3,7,Frankfurt,VPPOC_REJECT_LONG
1708424100,1708515618,BUY,17070.58,17018.49,17122.67,17122.83,1.0031,0.9992,-0.8553,VPPOC,2,7,Frankfurt,VPPOC_REJECT_LONG
1709648100,1709657337,BUY,17732.78,17684.44,17755.24,17756.23,0.4851,0.4644,-0.4458,VPPOC,2,11,Midday,VPPOC_REJECT_LONG
1709667000,1709675949,BUY,17731.78,17667.44,17755.24,17667.23,-1.0033,0.0000,-0.9877,VPPOC,2,16,Late,VPPOC_REJECT_LONG
1710498600,1710505902,BUY,17985.18,17914.31,18015.32,18015.63,0.4297,0.4155,-0.3182,VPPOC,5,7,Frankfurt,VPPOC_REJECT_LONG
1710844201,1710854582,BUY,17976.18,17913.38,18038.98,18039.63,1.0104,0.9944,-0.1680,VPPOC,2,7,Frankfurt,VPPOC_REJECT_LONG
1712743200,1712764260,BUY,18223.58,18078.49,18368.67,18078.03,-1.0032,0.4993,-0.9977,VPPOC,3,7,Frankfurt,VPPOC_REJECT_LONG
1712830500,1712836768,BUY,18142.38,18084.60,18200.16,18083.83,-1.0133,0.2847,-0.9960,VPPOC,4,7,Frankfurt,VPPOC_REJECT_LONG
1713348900,1713359059,BUY,17837.78,17720.40,17955.16,17955.53,1.0032,0.9946,-0.3114,VPPOC,3,7,Frankfurt,VPPOC_REJECT_LONG
1713434400,1713496844,BUY,17898.28,17743.56,18053.00,17743.33,-1.0015,0.1115,-0.9950,VPPOC,4,7,Frankfurt,VPPOC_REJECT_LONG
1714644000,1714750229,BUY,17987.08,17891.66,18067.06,18067.27,0.8404,0.8362,-0.8180,VPPOC,4,7,Frankfurt,VPPOC_REJECT_LONG
1715690700,1715700636,BUY,18741.28,18666.82,18815.74,18666.80,-1.0003,0.1135,-0.9970,VPPOC,2,9,London,VPPOC_REJECT_LONG
1716372000,1716414138,BUY,18704.78,18597.58,18778.48,18597.23,-1.0033,0.2635,-0.9939,VPPOC,3,7,Frankfurt,VPPOC_REJECT_LONG
1716484500,1716498035,BUY,18695.18,18606.72,18783.64,18606.63,-1.0010,0.3103,-0.9897,VPPOC,4,14,USOverlap,VPPOC_REJECT_LONG
1717071301,1717125331,BUY,18505.38,18457.34,18553.42,18455.01,-1.0485,0.9877,-0.9888,VPPOC,4,9,London,VPPOC_REJECT_LONG
1717153200,1717153881,BUY,18483.38,18418.06,18504.84,18505.83,0.3437,0.3284,-0.0850,VPPOC,5,8,London,VPPOC_REJECT_LONG
1717163100,1717195805,BUY,18501.38,18423.06,18579.70,18580.33,1.0080,0.9953,-0.8242,VPPOC,5,10,London,VPPOC_REJECT_LONG
1717786800,1717989333,BUY,18577.18,18519.45,18662.46,18518.55,-1.0156,0.4582,-0.9809,VPPOC,5,16,Late,VPPOC_REJECT_LONG
1718186400,1718305286,BUY,18460.88,18247.03,18674.73,18246.83,-1.0009,0.9563,-0.9963,VPPOC,3,7,Frankfurt,VPPOC_REJECT_LONG
1718989200,1718990133,BUY,18137.58,18043.41,18175.85,18176.83,0.4168,0.4062,-0.0398,VPPOC,5,14,USOverlap,VPPOC_REJECT_LONG
1719396000,1720174215,BUY,18285.28,18034.15,18536.41,18536.83,1.0017,0.9985,-0.9953,VPPOC,3,7,Frankfurt,VPPOC_REJECT_LONG
1721211300,1721225560,BUY,18522.83,18414.12,18631.54,18413.38,-1.0068,0.2166,-0.9976,VPPOC,3,7,Frankfurt,VPPOC_REJECT_LONG
1721304000,1721329104,BUY,18482.63,18345.88,18619.38,18345.43,-1.0033,0.4428,-0.9981,VPPOC,4,9,London,VPPOC_REJECT_LONG
1723558500,1723585692,BUY,17721.53,17597.00,17846.06,17846.08,1.0002,0.9921,-0.2084,VPPOC,2,11,Midday,VPPOC_REJECT_LONG
1725373800,1725382227,BUY,18893.78,18803.16,18984.40,18802.75,-1.0045,0.0822,-0.9992,VPPOC,2,11,Midday,VPPOC_REJECT_LONG
1725540300,1725595800,BUY,18612.78,18528.02,18697.54,18522.78,-1.0618,0.9138,-0.9822,VPPOC,4,9,London,VPPOC_REJECT_LONG
1725971400,1725984939,BUY,18411.28,18327.61,18494.95,18326.73,-1.0105,0.6627,-0.9747,VPPOC,2,9,London,VPPOC_REJECT_LONG
1726052401,1726054984,BUY,18362.28,18300.45,18447.18,18298.78,-1.0270,0.1820,-0.9966,VPPOC,3,8,London,VPPOC_REJECT_LONG
1726063200,1726071355,BUY,18357.58,18234.25,18447.18,18447.73,0.7310,0.7229,-0.4378,VPPOC,3,11,Midday,VPPOC_REJECT_LONG
1726080300,1726087643,BUY,18386.28,18281.95,18447.18,18447.73,0.5890,0.5602,-0.3695,VPPOC,3,15,USOverlap,VPPOC_REJECT_LONG
1726853400,1727106694,BUY,18759.88,18661.18,18858.58,18859.23,1.0066,0.9965,-0.7396,VPPOC,5,14,USOverlap,VPPOC_REJECT_LONG
1727863200,1727878087,BUY,19213.73,19102.69,19324.77,19102.13,-1.0050,0.4269,-0.9960,VPPOC,3,7,Frankfurt,VPPOC_REJECT_LONG
1728036900,1728055805,BUY,18998.63,18916.53,19080.73,19081.22,1.0060,0.9993,-0.0907,VPPOC,5,7,Frankfurt,VPPOC_REJECT_LONG
1728396000,1728492365,BUY,19073.03,18991.99,19154.07,19154.08,1.0001,0.9878,-0.8076,VPPOC,2,11,Midday,VPPOC_REJECT_LONG
1729078200,1729098254,BUY,19470.18,19397.63,19498.49,19499.63,0.4059,0.3784,-0.8484,VPPOC,3,8,London,VPPOC_REJECT_LONG
1729159200,1729181253,BUY,19492.48,19365.74,19619.22,19619.93,1.0056,0.9977,-0.1779,VPPOC,4,7,Frankfurt,VPPOC_REJECT_LONG
1729678500,1729717676,BUY,19439.78,19322.89,19556.67,19322.73,-1.0014,0.2391,-0.9928,VPPOC,3,7,Frankfurt,VPPOC_REJECT_LONG
1730458800,1730477326,BUY,19086.03,18959.47,19212.59,19212.78,1.0015,0.9936,-0.1695,VPPOC,5,8,London,VPPOC_REJECT_LONG
1730804400,1730862900,BUY,19184.93,19060.00,19309.86,19344.78,1.2795,1.3476,-0.3798,VPPOC,2,8,London,VPPOC_REJECT_LONG
1732186800,1732212055,BUY,19018.63,18872.15,19161.75,19161.98,0.9786,0.9718,-0.7554,VPPOC,4,8,London,VPPOC_REJECT_LONG
1732701600,1732707251,BUY,19320.03,19185.44,19409.91,19181.58,-1.0287,0.0561,-0.9990,VPPOC,3,7,Frankfurt,VPPOC_REJECT_LONG
1733837400,1734085545,BUY,20383.13,20249.56,20516.70,20518.58,1.0141,0.9991,-0.5694,VPPOC,2,10,London,VPPOC_REJECT_LONG
1734437700,1734491705,BUY,20372.53,20249.73,20495.33,20248.28,-1.0118,0.1405,-1.0362,VPPOC,2,9,London,VPPOC_REJECT_LONG
1734520500,1734556547,BUY,20312.83,20218.00,20376.25,20217.08,-1.0097,0.5299,-0.9992,VPPOC,3,8,London,VPPOC_REJECT_LONG
1694097900,1694172851,BUY,15730.38,15644.73,15816.03,15643.93,-1.0093,0.6894,-0.9977,VPPOC,4,11,Midday,VPPOC_REJECT_LONG
1694515500,1694529918,BUY,15803.48,15707.80,15899.16,15707.43,-1.0039,0.0000,-0.9934,VPPOC,2,7,Frankfurt,VPPOC_REJECT_LONG
1694696400,1694706768,BUY,15649.18,15583.88,15734.16,15734.23,1.3025,1.2565,-0.5968,VPPOC,4,10,London,VPPOC_REJECT_LONG
1695913200,1695924479,BUY,15216.58,15137.44,15295.72,15296.43,1.0090,0.9963,-0.1813,VPPOC,4,12,Midday,VPPOC_REJECT_LONG
1696500000,1696617790,BUY,15115.98,14980.93,15251.03,15251.03,1.0000,0.9926,-0.6660,VPPOC,4,7,Frankfurt,VPPOC_REJECT_LONG
1697536800,1697648465,BUY,15228.08,15084.89,15371.27,15084.13,-1.0053,0.5130,-0.9983,VPPOC,2,7,Frankfurt,VPPOC_REJECT_LONG
1698141600,1698169763,BUY,14813.68,14722.67,14904.69,14905.13,1.0048,0.9938,-0.7752,VPPOC,2,7,Frankfurt,VPPOC_REJECT_LONG
1698400800,1698443765,BUY,14740.18,14588.75,14891.61,14588.73,-1.0001,0.5346,-0.9935,VPPOC,5,7,Frankfurt,VPPOC_REJECT_LONG
1699371900,1699376148,BUY,15125.78,15043.38,15148.36,15149.23,0.2846,0.2725,-0.1766,VPPOC,2,12,Midday,VPPOC_REJECT_LONG
1699438500,1699455278,BUY,15107.48,15031.74,15183.22,15183.39,1.0022,0.9978,-0.2687,VPPOC,3,7,Frankfurt,VPPOC_REJECT_LONG
1702980900,1703025673,BUY,16712.38,16626.91,16797.85,16798.83,1.0115,0.9998,-0.2077,VPPOC,2,7,Frankfurt,VPPOC_REJECT_LONG
1703153700,1703199563,BUY,16706.98,16639.98,16750.16,16750.33,0.6470,0.6443,-0.9784,VPPOC,4,7,Frankfurt,VPPOC_REJECT_LONG
1703844000,1703845440,BUY,16741.78,16659.06,16767.41,16768.23,0.3198,0.3077,0.0000,VPPOC,5,7,Frankfurt,VPPOC_REJECT_LONG
1705069800,1705075049,BUY,16654.78,16575.89,16701.61,16702.23,0.6015,0.5888,-0.3492,VPPOC,5,11,Midday,VPPOC_REJECT_LONG
1706033700,1706066100,BUY,16655.68,16586.27,16690.56,16698.53,0.6173,0.7326,-0.3537,VPPOC,2,15,USOverlap,VPPOC_REJECT_LONG
1706722200,1706738519,BUY,16924.48,16858.96,16972.81,16858.93,-1.0005,0.1900,-0.9852,VPPOC,3,14,USOverlap,VPPOC_REJECT_LONG
1707507000,1707510009,BUY,16932.28,16866.85,16954.56,16954.73,0.3431,0.3278,-0.1001,VPPOC,5,16,Late,VPPOC_REJECT_LONG
1708424100,1708517684,BUY,17070.58,17006.54,17134.62,17134.83,1.0033,0.9877,-0.6957,VPPOC,2,7,Frankfurt,VPPOC_REJECT_LONG
1709648100,1709658016,BUY,17732.78,17673.86,17756.81,17757.03,0.4116,0.3980,-0.3658,VPPOC,2,11,Midday,VPPOC_REJECT_LONG
1710497701,1710505902,BUY,17972.18,17904.51,18014.96,18015.63,0.6421,0.6273,-0.1411,VPPOC,5,7,Frankfurt,VPPOC_REJECT_LONG
1713540600,1713545180,BUY,17792.18,17697.83,17819.46,17819.63,0.2909,0.2803,-0.4489,VPPOC,5,12,Midday,VPPOC_REJECT_LONG
1714662900,1714750227,BUY,17987.58,17900.98,18055.41,18055.56,0.7850,0.7804,-0.9070,VPPOC,4,12,Midday,VPPOC_REJECT_LONG
1715690700,1715700640,BUY,18741.28,18650.88,18831.68,18650.71,-1.0019,0.0935,-0.9992,VPPOC,2,9,London,VPPOC_REJECT_LONG
1715701500,1715742900,BUY,18738.28,18669.38,18807.18,18814.93,1.1125,0.8919,-0.2983,VPPOC,2,12,Midday,VPPOC_REJECT_LONG
1715885100,1715942036,BUY,18753.88,18672.76,18867.31,18672.03,-1.0090,0.0302,-0.9893,VPPOC,4,15,USOverlap,VPPOC_REJECT_LONG
1716396300,1716410235,BUY,18731.58,18642.43,18820.73,18642.12,-1.0035,0.0107,-0.9993,VPPOC,3,13,USOverlap,VPPOC_REJECT_LONG
1716488100,1716498160,BUY,18698.18,18603.21,18793.15,18602.63,-1.0061,0.2574,-0.9956,VPPOC,4,15,USOverlap,VPPOC_REJECT_LONG
1717071301,1717125393,BUY,18505.38,18444.30,18566.46,18443.53,-1.0126,0.7769,-0.9799,VPPOC,4,9,London,VPPOC_REJECT_LONG
1717786800,1718010105,BUY,18577.18,18505.06,18663.31,18503.03,-1.0281,0.3667,-0.9866,VPPOC,5,16,Late,VPPOC_REJECT_LONG
1718989200,1718990106,BUY,18137.58,18025.26,18175.81,18175.83,0.3405,0.3316,-0.0334,VPPOC,5,14,USOverlap,VPPOC_REJECT_LONG
1721826000,1721892772,BUY,18425.23,18323.24,18527.22,18322.58,-1.0065,0.4025,-0.9967,VPPOC,3,10,London,VPPOC_REJECT_LONG
1722339900,1722415397,BUY,18397.83,18275.23,18520.43,18521.48,1.0086,0.9759,-0.3936,VPPOC,2,8,London,VPPOC_REJECT_LONG
1723558500,1723610838,BUY,17721.53,17571.45,17871.61,17871.98,1.0025,0.9858,-0.1729,VPPOC,2,11,Midday,VPPOC_REJECT_LONG
1725375600,1725381715,BUY,18892.78,18825.91,18959.65,18825.83,-1.0012,0.1264,-0.9990,VPPOC,2,12,Midday,VPPOC_REJECT_LONG
1725540300,1725617170,BUY,18612.78,18513.99,18711.57,18512.88,-1.0112,0.7840,-0.9996,VPPOC,4,9,London,VPPOC_REJECT_LONG
1725978600,1725984961,BUY,18398.28,18325.15,18469.51,18324.73,-1.0057,0.0198,-0.9921,VPPOC,2,11,Midday,VPPOC_REJECT_LONG
1726853400,1727098829,BUY,18759.88,18642.39,18828.01,18828.23,0.5818,0.5732,-0.6213,VPPOC,5,14,USOverlap,VPPOC_REJECT_LONG
1728036000,1728047592,BUY,18983.13,18898.60,19067.66,19067.68,1.0002,0.9766,-0.3484,VPPOC,5,7,Frankfurt,VPPOC_REJECT_LONG
1728396000,1728482549,BUY,19073.03,18973.04,19128.51,19129.08,0.5606,0.5511,-0.6546,VPPOC,2,11,Midday,VPPOC_REJECT_LONG
1729074600,1729164767,BUY,19476.03,19383.90,19568.16,19568.93,1.0084,0.9975,-0.7316,VPPOC,3,7,Frankfurt,VPPOC_REJECT_LONG
1729764000,1729764576,BUY,19409.28,19312.64,19439.91,19440.73,0.3254,0.3151,-0.0574,VPPOC,4,7,Frankfurt,VPPOC_REJECT_LONG
1732186800,1732212058,BUY,19018.63,18847.25,19162.26,19162.78,0.8411,0.8364,-0.6456,VPPOC,4,8,London,VPPOC_REJECT_LONG
1733833800,1733837489,BUY,20356.73,20272.27,20385.87,20386.48,0.3522,0.3404,-0.3582,VPPOC,2,9,London,VPPOC_REJECT_LONG
1733913000,1733931166,BUY,20345.03,20259.86,20387.96,20388.38,0.5090,0.4972,-0.0875,VPPOC,3,7,Frankfurt,VPPOC_REJECT_LONG
1734436800,1734472829,BUY,20358.73,20273.35,20444.11,20273.28,-1.0008,0.3637,-0.9891,VPPOC,2,9,London,VPPOC_REJECT_LONG
1734524100,1734556369,BUY,20313.03,20225.78,20375.76,20225.08,-1.0080,0.5736,-0.9622,VPPOC,3,9,London,VPPOC_REJECT_LONG
1693564200,1693586918,BUY,15940.57,15849.61,16031.53,15849.61,-1.0000,0.5385,-0.9998,VPPOC,5,7,Frankfurt,VPPOC_REJECT_LONG
1694087100,1694172847,BUY,15721.38,15647.32,15795.44,15646.93,-1.0053,0.9918,-0.9918,VPPOC,4,8,London,VPPOC_REJECT_LONG
1694515500,1694529932,BUY,15803.48,15704.39,15902.57,15703.43,-1.0097,0.0000,-0.9996,VPPOC,2,7,Frankfurt,VPPOC_REJECT_LONG
1694691900,1694706186,BUY,15626.68,15533.72,15705.61,15706.23,0.8557,0.8450,-0.1995,VPPOC,4,8,London,VPPOC_REJECT_LONG
1695908700,1695926045,BUY,15225.08,15135.30,15314.86,15315.43,1.0063,0.9952,-0.3570,VPPOC,4,10,London,VPPOC_REJECT_LONG
1696428900,1696599882,BUY,15134.18,15025.43,15200.76,15201.53,0.6193,0.6101,-0.8897,VPPOC,3,11,Midday,VPPOC_REJECT_LONG
1696609800,1696619340,BUY,15124.58,14962.68,15286.48,15287.03,1.0034,0.9972,-0.5408,VPPOC,5,13,USOverlap,VPPOC_REJECT_LONG
1697536800,1697648471,BUY,15228.08,15080.69,15375.47,15080.13,-1.0038,0.4983,-0.9970,VPPOC,2,7,Frankfurt,VPPOC_REJECT_LONG
1698400800,1698833701,BUY,14740.18,14584.77,14895.59,14895.73,1.0009,0.9945,-0.9938,VPPOC,5,7,Frankfurt,VPPOC_REJECT_LONG
1699378200,1699458961,BUY,15153.78,15068.72,15215.66,15216.48,0.7371,0.7248,-0.8835,VPPOC,2,14,USOverlap,VPPOC_REJECT_LONG
1699625700,1699656644,BUY,15248.18,15156.30,15331.66,15332.13,0.9137,0.9028,-0.8495,VPPOC,5,11,Midday,VPPOC_REJECT_LONG
1701771300,1701795619,BUY,16437.98,16375.00,16500.96,16501.08,1.0019,0.9976,-0.5168,VPPOC,2,7,Frankfurt,VPPOC_REJECT_LONG
1702980900,1703044592,BUY,16712.38,16623.89,16800.87,16801.23,1.0041,1.0843,-0.2006,VPPOC,2,7,Frankfurt,VPPOC_REJECT_LONG
1703239200,1703646900,BUY,16677.88,16593.85,16761.91,16779.63,1.2109,1.5679,-0.0898,VPPOC,5,7,Frankfurt,VPPOC_REJECT_LONG
1703763000,1704179766,BUY,16758.08,16692.53,16823.63,16823.85,1.0034,0.9939,-0.8703,VPPOC,4,8,London,VPPOC_REJECT_LONG
1704362400,1704727503,BUY,16544.18,16432.26,16656.10,16656.93,1.0074,0.9985,-0.8377,VPPOC,4,7,Frankfurt,VPPOC_REJECT_LONG
1704990600,1704994451,BUY,16725.88,16584.47,16867.29,16584.33,-1.0010,0.0315,-0.9939,VPPOC,4,13,USOverlap,VPPOC_REJECT_LONG
1705572000,1705655976,BUY,16472.18,16291.04,16653.32,16653.83,1.0028,0.9973,-0.2459,VPPOC,4,7,Frankfurt,VPPOC_REJECT_LONG
1706028300,1706029883,BUY,16666.68,16577.61,16690.41,16691.13,0.2745,0.2633,-0.0960,VPPOC,2,13,USOverlap,VPPOC_REJECT_LONG
1706033700,1706066100,BUY,16655.68,16582.61,16690.41,16698.53,0.5864,0.6959,-0.3360,VPPOC,2,15,USOverlap,VPPOC_REJECT_LONG
1706707800,1706729724,BUY,16979.48,16887.75,17071.21,16886.93,-1.0089,0.1357,-0.9980,VPPOC,3,10,London,VPPOC_REJECT_LONG
1706803200,1706811161,BUY,16909.38,16834.03,16984.73,16833.83,-1.0027,0.0591,-0.9894,VPPOC,4,13,USOverlap,VPPOC_REJECT_LONG
1706816700,1706828736,BUY,16905.38,16841.03,16969.73,16970.27,1.0084,0.9947,-0.1453,VPPOC,4,16,Late,VPPOC_REJECT_LONG
1707223500,1707230747,BUY,16905.68,16831.76,16931.01,16931.13,0.3443,0.3308,-0.2509,VPPOC,2,9,London,VPPOC_REJECT_LONG
1707398100,1707405393,BUY,16945.78,16886.28,17005.28,17006.23,1.0160,0.9992,-0.3790,VPPOC,4,10,London,VPPOC_REJECT_LONG
1707507000,1707733760,BUY,16932.28,16863.91,17000.65,17000.83,1.0026,0.9880,-0.0958,VPPOC,5,16,Late,VPPOC_REJECT_LONG
1707905700,1707913114,BUY,16873.78,16792.19,16914.41,16915.03,0.5056,0.4933,-0.1563,VPPOC,3,7,Frankfurt,VPPOC_REJECT_LONG
1708424100,1708517715,BUY,17070.58,17003.63,17137.53,17138.63,1.0164,0.9895,-0.6654,VPPOC,2,7,Frankfurt,VPPOC_REJECT_LONG
1709651700,1709657337,BUY,17729.78,17670.28,17755.86,17756.23,0.4445,0.4277,-0.3118,VPPOC,2,12,Midday,VPPOC_REJECT_LONG
1709667000,1709677104,BUY,17731.78,17654.28,17755.86,17653.23,-1.0135,0.0000,-0.9877,VPPOC,2,16,Late,VPPOC_REJECT_LONG
1710436500,1710448161,BUY,18002.28,17937.47,18067.09,17937.23,-1.0037,0.0224,-0.9883,VPPOC,4,14,USOverlap,VPPOC_REJECT_LONG
1710497701,1710507369,BUY,17972.18,17901.70,18042.66,18043.63,1.0138,0.9996,-0.1355,VPPOC,5,7,Frankfurt,VPPOC_REJECT_LONG
1710844201,1710876722,BUY,17976.18,17899.47,18052.89,18053.25,1.0047,0.9999,-0.1375,VPPOC,2,7,Frankfurt,VPPOC_REJECT_LONG
1712743200,1712765009,BUY,18223.58,18061.84,18385.32,18061.53,-1.0019,0.4479,-0.9957,VPPOC,3,7,Frankfurt,VPPOC_REJECT_LONG
1712829600,1712829640,BUY,18125.58,18071.55,18145.06,18145.13,0.3618,0.3542,-0.0657,VPPOC,4,7,Frankfurt,VPPOC_REJECT_LONG
1713348900,1713499463,BUY,17837.78,17699.23,17976.33,17698.83,-1.0029,0.9076,-0.9993,VPPOC,3,7,Frankfurt,VPPOC_REJECT_LONG
1715690700,1715772575,BUY,18741.28,18646.99,18835.57,18835.73,1.0017,0.9963,-0.9943,VPPOC,2,9,London,VPPOC_REJECT_LONG
1716374700,1716412880,BUY,18702.73,18605.04,18738.51,18604.23,-1.0083,0.3102,-0.9981,VPPOC,3,7,Frankfurt,VPPOC_REJECT_LONG
1717071301,1717125401,BUY,18505.38,18441.12,18569.64,18440.53,-1.0092,0.7384,-0.9936,VPPOC,4,9,London,VPPOC_REJECT_LONG
1717154100,1717384500,BUY,18512.38,18401.72,18623.04,18636.33,1.1201,0.8851,-0.6827,VPPOC,5,8,London,VPPOC_REJECT_LONG
1718100000,1718110832,BUY,18540.98,18368.85,18713.11,18368.38,-1.0027,0.0839,-0.9969,VPPOC,2,7,Frankfurt,VPPOC_REJECT_LONG
1718794800,1718906078,BUY,18130.78,18023.48,18238.08,18238.41,1.0031,0.9975,-0.6114,VPPOC,3,8,London,VPPOC_REJECT_LONG
1718973000,1719226220,BUY,18176.38,18070.79,18257.86,18257.97,0.7727,0.7690,-0.7988,VPPOC,5,9,London,VPPOC_REJECT_LONG
1719421200,1719568841,BUY,18149.58,17981.53,18317.63,18317.85,1.0013,0.9998,-0.3335,VPPOC,3,14,USOverlap,VPPOC_REJECT_LONG
1720605600,1720634863,BUY,18285.68,18152.27,18407.26,18408.13,0.9178,0.9104,-0.2590,VPPOC,3,7,Frankfurt,VPPOC_REJECT_LONG
1721211300,1721225693,BUY,18522.83,18393.39,18652.27,18393.38,-1.0001,0.1819,-0.9924,VPPOC,3,7,Frankfurt,VPPOC_REJECT_LONG
1721303100,1721311705,BUY,18450.63,18324.75,18497.76,18498.08,0.3769,0.3722,-0.0592,VPPOC,4,8,London,VPPOC_REJECT_LONG
1723558500,1723611348,BUY,17721.53,17565.21,17877.85,17878.48,1.0040,0.9976,-0.1660,VPPOC,2,11,Midday,VPPOC_REJECT_LONG
1724235300,1724296517,BUY,18378.83,18259.99,18497.67,18498.05,1.0032,0.9909,-0.0627,VPPOC,3,7,Frankfurt,VPPOC_REJECT_LONG
1725373800,1725382824,BUY,18893.78,18786.68,19000.88,18786.58,-1.0009,0.0696,-0.9973,VPPOC,2,11,Midday,VPPOC_REJECT_LONG
1725540300,1725617171,BUY,18612.78,18510.56,18715.00,18510.03,-1.0052,0.7577,-0.9773,VPPOC,4,9,London,VPPOC_REJECT_LONG
1725971400,1725986410,BUY,18411.28,18308.37,18514.19,18307.73,-1.0062,0.5388,-0.9965,VPPOC,2,9,London,VPPOC_REJECT_LONG
1726077600,1726081539,BUY,18284.28,18164.50,18404.06,18404.73,1.0056,0.9972,-0.0881,VPPOC,3,15,USOverlap,VPPOC_REJECT_LONG
1726844400,1726851602,BUY,18882.38,18733.31,18985.21,18729.33,-1.0267,0.0701,-0.9999,VPPOC,5,12,Midday,VPPOC_REJECT_LONG
1727273700,1727340301,BUY,18943.28,18803.94,19082.62,19084.28,1.0119,0.9976,-0.4202,VPPOC,3,11,Midday,VPPOC_REJECT_LONG
1727863200,1727878869,BUY,19213.73,19080.50,19346.96,19079.13,-1.0103,0.3558,-0.9953,VPPOC,3,7,Frankfurt,VPPOC_REJECT_LONG
1728036900,1728055825,BUY,18998.63,18894.22,19103.04,19103.28,1.0023,0.9970,-0.0714,VPPOC,5,7,Frankfurt,VPPOC_REJECT_LONG
1728409500,1728481818,BUY,19073.53,18970.92,19127.81,19128.13,0.5321,0.5224,-0.6427,VPPOC,2,14,USOverlap,VPPOC_REJECT_LONG
1728642600,1728643962,BUY,19203.73,19115.73,19231.61,19232.28,0.3244,0.3131,-0.0966,VPPOC,5,7,Frankfurt,VPPOC_REJECT_LONG
1729159200,1729181445,BUY,19492.48,19344.31,19640.65,19640.93,1.0019,0.9951,-0.1522,VPPOC,4,7,Frankfurt,VPPOC_REJECT_LONG
1729685700,1729717709,BUY,19433.28,19317.82,19548.74,19317.73,-1.0008,0.2984,-0.9921,VPPOC,3,9,London,VPPOC_REJECT_LONG
1729857600,1729859055,BUY,19449.38,19320.19,19505.01,19506.83,0.4447,0.4292,-0.0120,VPPOC,5,9,London,VPPOC_REJECT_LONG
1729865700,1729876260,BUY,19435.38,19365.19,19505.01,19505.83,1.0037,0.9895,-0.1361,VPPOC,5,11,Midday,VPPOC_REJECT_LONG
1730812500,1730828442,BUY,19178.93,19072.68,19233.76,19234.48,0.5228,0.5134,-0.3148,VPPOC,2,10,London,VPPOC_REJECT_LONG
1731578400,1732306208,BUY,19057.43,18745.15,19369.71,19370.68,1.0031,0.9999,-0.7649,VPPOC,4,7,Frankfurt,VPPOC_REJECT_LONG
1732701600,1732887559,BUY,19320.03,19156.37,19483.69,19484.58,1.0054,0.9993,-0.9865,VPPOC,3,7,Frankfurt,VPPOC_REJECT_LONG
1733913000,1733931176,BUY,20345.03,20255.66,20390.96,20391.38,0.5186,0.5074,-0.0834,VPPOC,3,7,Frankfurt,VPPOC_REJECT_LONG
1734117300,1734373938,BUY,20424.73,20330.06,20519.40,20329.48,-1.0061,0.8466,-0.9956,VPPOC,5,16,Late,VPPOC_REJECT_LONG
1734436800,1734473235,BUY,20358.73,20269.67,20447.79,20269.28,-1.0044,0.3486,-0.9819,VPPOC,2,9,London,VPPOC_REJECT_LONG
1734517800,1734558387,BUY,20299.73,20199.69,20399.77,20198.08,-1.0161,0.6332,-0.9961,VPPOC,3,7,Frankfurt,VPPOC_REJECT_LONG
1734616800,1734664500,BUY,20062.23,19944.13,20180.33,19904.08,-1.3391,0.4314,-1.4362,VPPOC,4,11,Midday,VPPOC_REJECT_LONG
1694097900,1694174161,BUY,15730.38,15624.86,15835.90,15623.93,-1.0088,0.5596,-0.9993,VPPOC,4,11,Midday,VPPOC_REJECT_LONG
1694515500,1694535835,BUY,15803.48,15687.92,15919.04,15687.86,-1.0005,0.0000,-0.9993,VPPOC,2,7,Frankfurt,VPPOC_REJECT_LONG
1694696400,1694706180,BUY,15649.18,15565.48,15705.13,15705.23,0.6697,0.6577,-0.4656,VPPOC,4,10,London,VPPOC_REJECT_LONG
1695295800,1695303658,BUY,15679.88,15584.31,15720.87,15583.53,-1.0082,0.0256,-0.9998,VPPOC,4,8,London,VPPOC_REJECT_LONG
1695913200,1695926051,BUY,15216.58,15116.24,15316.92,15317.43,1.0051,0.9951,-0.1430,VPPOC,4,12,Midday,VPPOC_REJECT_LONG
1697536800,1697656902,BUY,15228.08,15060.46,15395.70,15059.73,-1.0044,0.4382,-0.9984,VPPOC,2,7,Frankfurt,VPPOC_REJECT_LONG
1698141600,1698188443,BUY,14813.68,14698.92,14928.44,14929.05,1.0053,0.9879,-0.6148,VPPOC,2,7,Frankfurt,VPPOC_REJECT_LONG
1698400800,1698856086,BUY,14740.18,14565.64,14914.72,14914.73,1.0001,0.9943,-0.8849,VPPOC,5,7,Frankfurt,VPPOC_REJECT_LONG
1699371900,1699459649,BUY,15125.78,15022.08,15229.48,15230.43,1.0092,0.9995,-0.4547,VPPOC,2,12,Midday,VPPOC_REJECT_LONG
1699639200,1699656822,BUY,15214.68,15096.72,15332.64,15333.13,1.0042,0.9957,-0.0301,VPPOC,5,15,USOverlap,VPPOC_REJECT_LONG
1702980900,1703056414,BUY,16712.38,16609.29,16815.47,16815.73,1.0025,0.9938,-0.1722,VPPOC,2,7,Frankfurt,VPPOC_REJECT_LONG
1703239200,1703261897,BUY,16677.88,16603.75,16752.01,16752.33,1.0043,0.9908,-0.1018,VPPOC,5,7,Frankfurt,VPPOC_REJECT_LONG
1703844000,1703845440,BUY,16741.78,16643.05,16767.63,16768.23,0.2679,0.2578,0.0000,VPPOC,5,7,Frankfurt,VPPOC_REJECT_LONG
1704396600,1704443466,BUY,16614.18,16522.38,16786.27,16522.13,-1.0027,0.0000,-0.9973,VPPOC,4,16,Late,VPPOC_REJECT_LONG
1704989700,1704994481,BUY,16682.88,16577.51,16788.25,16577.33,-1.0017,0.4503,-0.9922,VPPOC,4,13,USOverlap,VPPOC_REJECT_LONG
1706028300,1706088971,BUY,16666.68,16559.97,16773.39,16773.83,1.0041,0.9948,-0.3331,VPPOC,2,13,USOverlap,VPPOC_REJECT_LONG
1706728500,1706738590,BUY,16926.48,16834.28,16973.15,16833.93,-1.0038,0.1133,-0.9930,VPPOC,3,16,Late,VPPOC_REJECT_LONG
1707392700,1707409316,BUY,16969.78,16886.07,17036.53,17037.23,0.8058,0.7938,-0.5561,VPPOC,4,8,London,VPPOC_REJECT_LONG
1707507000,1707510510,BUY,16932.28,16849.74,16960.67,16960.73,0.3447,0.3326,-0.0794,VPPOC,5,16,Late,VPPOC_REJECT_LONG
1708424100,1708518660,BUY,17070.58,16989.57,17151.59,17151.83,1.0030,0.9906,-0.5499,VPPOC,2,7,Frankfurt,VPPOC_REJECT_LONG
1709648100,1709658016,BUY,17732.78,17658.85,17756.99,17757.03,0.3280,0.3172,-0.2915,VPPOC,2,11,Midday,VPPOC_REJECT_LONG
1709719200,1709723910,BUY,17721.78,17665.42,17755.23,17755.23,0.5935,0.5758,-0.2936,VPPOC,3,7,Frankfurt,VPPOC_REJECT_LONG
1710501300,1710505902,BUY,17978.18,17903.48,18015.31,18015.63,0.5013,0.4880,-0.0743,VPPOC,5,8,London,VPPOC_REJECT_LONG
1713459600,1713499774,BUY,17831.78,17673.79,17989.77,17672.83,-1.0061,0.5301,-0.9968,VPPOC,4,14,USOverlap,VPPOC_REJECT_LONG
1713540600,1713779777,BUY,17792.18,17673.49,17910.87,17911.63,1.0064,0.9980,-0.6475,VPPOC,5,12,Midday,VPPOC_REJECT_LONG
1714663800,1714750229,BUY,17991.38,17864.73,18067.65,18067.68,0.6024,0.5992,-0.6502,VPPOC,4,12,Midday,VPPOC_REJECT_LONG
1715690700,1715774913,BUY,18741.28,18628.24,18854.32,18854.73,1.0036,0.9948,-0.8294,VPPOC,2,9,London,VPPOC_REJECT_LONG
1715885100,1715944048,BUY,18753.88,18651.76,18868.05,18650.83,-1.0091,0.0240,-0.9993,VPPOC,4,15,USOverlap,VPPOC_REJECT_LONG
1716374700,1716498344,BUY,18702.73,18590.17,18815.29,18589.63,-1.0048,0.6388,-0.9959,VPPOC,3,7,Frankfurt,VPPOC_REJECT_LONG
1717092900,1717195991,BUY,18514.38,18426.79,18601.97,18602.33,1.0041,0.9927,-0.9173,VPPOC,4,15,USOverlap,VPPOC_REJECT_LONG
1717786800,1718010274,BUY,18577.18,18480.58,18663.91,18480.53,-1.0005,0.2738,-0.9964,VPPOC,5,16,Late,VPPOC_REJECT_LONG
1718799300,1718906292,BUY,18110.78,17971.12,18250.44,18251.23,1.0057,0.9985,-0.2975,VPPOC,3,9,London,VPPOC_REJECT_LONG
1718989200,1718990133,BUY,18137.58,17999.49,18176.18,18176.83,0.2842,0.2770,-0.0272,VPPOC,5,14,USOverlap,VPPOC_REJECT_LONG
1720528200,1720535017,BUY,18458.08,18367.83,18548.33,18367.65,-1.0020,0.0050,-0.9984,VPPOC,2,9,London,VPPOC_REJECT_LONG
1721307600,1721327583,BUY,18482.93,18360.03,18605.83,18359.18,-1.0069,0.4902,-0.9988,VPPOC,4,10,London,VPPOC_REJECT_LONG
1721826000,1721897103,BUY,18425.23,18298.63,18551.83,18298.58,-1.0004,0.3242,-0.9964,VPPOC,3,10,London,VPPOC_REJECT_LONG
1722339900,1722415359,BUY,18397.83,18249.23,18496.52,18498.48,0.6773,0.6571,-0.3247,VPPOC,2,8,London,VPPOC_REJECT_LONG
1723558500,1723649438,BUY,17721.53,17535.17,17907.89,17908.19,1.0016,0.9975,-0.1392,VPPOC,2,11,Midday,VPPOC_REJECT_LONG
1725375600,1725382114,BUY,18892.78,18807.10,18978.46,18806.23,-1.0102,0.0986,-0.9868,VPPOC,2,12,Midday,VPPOC_REJECT_LONG
1725540300,1725617484,BUY,18612.78,18494.06,18731.50,18492.03,-1.0171,0.6524,-0.9918,VPPOC,4,9,London,VPPOC_REJECT_LONG
1726082100,1726131689,BUY,18403.28,18263.16,18543.40,18544.88,1.0106,0.9917,-0.0896,VPPOC,3,16,Late,VPPOC_REJECT_LONG
1728036000,1728055816,BUY,18983.13,18873.13,19093.13,19093.35,1.0020,0.9970,-0.2677,VPPOC,5,7,Frankfurt,VPPOC_REJECT_LONG
1728409500,1728493660,BUY,19073.53,18948.64,19198.42,19199.08,1.0053,0.9973,-0.5281,VPPOC,2,14,USOverlap,VPPOC_REJECT_LONG
1729074600,1729165849,BUY,19476.03,19357.31,19594.75,19594.93,1.0015,0.9931,-0.5677,VPPOC,3,7,Frankfurt,VPPOC_REJECT_LONG
1729682102,1729718160,BUY,19413.28,19310.14,19516.42,19308.73,-1.0137,0.5279,-0.9943,VPPOC,3,8,London,VPPOC_REJECT_LONG
1729764900,1730197406,BUY,19460.93,19316.35,19605.51,19605.93,1.0029,0.9960,-0.7598,VPPOC,4,7,Frankfurt,VPPOC_REJECT_LONG
1730461500,1730482271,BUY,19143.03,19039.22,19246.84,19247.78,1.0091,0.9994,-0.2163,VPPOC,5,8,London,VPPOC_REJECT_LONG
1730816100,1730828442,BUY,19178.93,19070.47,19233.62,19234.48,0.5122,0.5030,-0.3084,VPPOC,2,11,Midday,VPPOC_REJECT_LONG
1730973600,1730977990,BUY,19100.73,18908.09,19293.37,19294.28,1.0047,0.9995,-0.0096,VPPOC,4,7,Frankfurt,VPPOC_REJECT_LONG
1733855400,1734084101,BUY,20379.43,20277.52,20481.34,20481.78,1.0043,0.9847,-0.7099,VPPOC,2,15,USOverlap,VPPOC_REJECT_LONG
1734524100,1734558164,BUY,20313.03,20204.88,20376.16,20204.08,-1.0074,0.4628,-0.9982,VPPOC,3,9,London,VPPOC_REJECT_LONG
1693588500,1693823280,BUY,15891.57,15781.80,15930.97,15931.93,0.3677,0.3586,-0.6105,VPPOC,5,14,USOverlap,VPPOC_REJECT_LONG
1693843200,1693848937,BUY,15880.98,15807.26,15929.00,15806.43,-1.0113,0.0604,-0.9977,VPPOC,1,13,USOverlap,VPPOC_REJECT_LONG
1694087100,1694089839,BUY,15721.38,15651.20,15791.56,15791.83,1.0038,0.9896,-0.0363,VPPOC,4,8,London,VPPOC_REJECT_LONG
1694097900,1694172849,BUY,15730.38,15645.20,15815.56,15644.93,-1.0032,0.6932,-0.9914,VPPOC,4,11,Midday,VPPOC_REJECT_LONG
1694515500,1694529918,BUY,15803.48,15708.27,15898.69,15707.43,-1.0088,0.0000,-0.9983,VPPOC,2,7,Frankfurt,VPPOC_REJECT_LONG
1695294000,1695303404,BUY,15682.88,15587.31,15719.42,15586.33,-1.0103,0.0884,-0.9998,VPPOC,4,8,London,VPPOC_REJECT_LONG
1696256100,1696265534,BUY,15374.28,15268.87,15404.25,15268.73,-1.0013,0.1561,-0.9918,VPPOC,1,11,Midday,VPPOC_REJECT_LONG
1696500000,1696617790,BUY,15115.98,14981.46,15250.50,15251.03,1.0039,0.9965,-0.6687,VPPOC,4,7,Frankfurt,VPPOC_REJECT_LONG
1696847400,1696854367,BUY,15116.38,15038.97,15193.79,15193.83,1.0005,0.9876,-0.3817,VPPOC,1,7,Frankfurt,VPPOC_REJECT_LONG
1696864500,1696885200,BUY,15110.38,15025.97,15194.79,15195.33,1.0064,0.9946,-0.3714,VPPOC,1,12,Midday,VPPOC_REJECT_LONG
1697536800,1697557273,BUY,15228.08,15147.46,15308.70,15147.28,-1.0022,0.7312,-0.9991,VPPOC,2,7,Frankfurt,VPPOC_REJECT_LONG
1697641200,1697655662,BUY,15175.18,15074.73,15226.70,15074.73,-1.0000,0.1936,-0.9900,VPPOC,3,12,Midday,VPPOC_REJECT_LONG
1698055200,1698058485,BUY,14826.68,14723.76,14876.70,14722.33,-1.0139,0.0918,-0.9964,VPPOC,1,7,Frankfurt,VPPOC_REJECT_LONG
1698342300,1698407069,BUY,14740.58,14628.15,14809.87,14810.13,0.6186,0.6097,-0.8214,VPPOC,4,14,USOverlap,VPPOC_REJECT_LONG
1698688800,1698697832,BUY,14706.08,14615.72,14745.04,14745.53,0.4366,0.4255,-0.3049,VPPOC,1,15,USOverlap,VPPOC_REJECT_LONG
1699374600,1699455811,BUY,15136.78,15064.88,15208.68,15209.23,1.0076,0.9937,-0.8088,VPPOC,2,13,USOverlap,VPPOC_REJECT_LONG
1701087300,1701087993,BUY,16006.68,15941.95,16024.00,16024.13,0.2696,0.2541,-0.0857,VPPOC,1,9,London,VPPOC_REJECT_LONG
1701195300,1701227700,BUY,15993.68,15936.74,16015.25,16016.33,0.3978,0.4329,-0.5137,VPPOC,2,15,USOverlap,VPPOC_REJECT_LONG
1702654200,1702893599,BUY,16781.08,16711.29,16850.87,16710.73,-1.0080,0.2615,-0.9937,VPPOC,5,12,Midday,VPPOC_REJECT_LONG
1702901700,1702902233,BUY,16734.08,16685.46,16749.80,16750.53,0.3383,0.3178,-0.0524,VPPOC,1,9,London,VPPOC_REJECT_LONG
1702908900,1702919581,BUY,16733.58,16655.46,16811.70,16655.03,-1.0055,0.0000,-0.9927,VPPOC,1,11,Midday,VPPOC_REJECT_LONG
1703153700,1703662150,BUY,16706.98,16640.40,16798.02,16798.13,1.3690,1.5418,-0.9845,VPPOC,4,7,Frankfurt,VPPOC_REJECT_LONG
1703844000,1704179778,BUY,16741.78,16659.44,16824.12,16824.23,1.0013,0.9967,-0.2860,VPPOC,5,7,Frankfurt,VPPOC_REJECT_LONG
1704384900,1704453133,BUY,16567.18,16472.80,16780.18,16472.23,-1.0060,0.7253,-0.9933,VPPOC,4,13,USOverlap,VPPOC_REJECT_LONG
1705069800,1705073484,BUY,16654.78,16558.38,16687.48,16688.23,0.3470,0.3366,-0.2858,VPPOC,5,11,Midday,VPPOC_REJECT_LONG
1705318200,1705374900,BUY,16700.88,16585.90,16815.86,16566.73,-1.1667,0.0126,-1.1841,VPPOC,1,8,London,VPPOC_REJECT_LONG
1706033700,1706066100,BUY,16655.68,16586.77,16690.24,16698.53,0.6218,0.7379,-0.3563,VPPOC,2,15,USOverlap,VPPOC_REJECT_LONG
1706531400,1706552976,BUY,16892.58,16821.19,16949.25,16950.03,0.8047,0.7907,-0.2879,VPPOC,1,9,London,VPPOC_REJECT_LONG
1706722200,1706738519,BUY,16924.48,16859.40,16975.48,16858.93,-1.0072,0.1913,-0.9919,VPPOC,3,14,USOverlap,VPPOC_REJECT_LONG
1706803200,1706810779,BUY,16909.38,16837.51,16973.79,16836.83,-1.0095,0.0619,-0.9955,VPPOC,4,13,USOverlap,VPPOC_REJECT_LONG
1706868000,1707843921,BUY,16982.98,16842.76,17123.20,16841.83,-1.0066,0.6793,-0.9995,VPPOC,5,7,Frankfurt,VPPOC_REJECT_LONG
1707905700,1707950421,BUY,16873.78,16795.45,16989.23,16989.83,1.4816,1.4688,-0.1628,VPPOC,3,7,Frankfurt,VPPOC_REJECT_LONG
1708337700,1708517138,BUY,17091.28,17020.23,17123.47,17123.83,0.4581,0.4441,-0.9184,VPPOC,1,7,Frankfurt,VPPOC_REJECT_LONG
1709550900,1709609475,BUY,17762.78,17690.24,17835.32,17689.43,-1.0112,0.1716,-0.9974,VPPOC,1,8,London,VPPOC_REJECT_LONG
1709663400,1709677096,BUY,17714.78,17657.22,17756.04,17656.23,-1.0172,0.2858,-0.9998,VPPOC,2,15,USOverlap,VPPOC_REJECT_LONG
1710782100,1710854513,BUY,17985.68,17910.55,18036.12,18037.43,0.6888,0.6648,-0.7700,VPPOC,1,14,USOverlap,VPPOC_REJECT_LONG
1712743200,1712764951,BUY,18223.58,18065.55,18381.61,18065.03,-1.0033,0.4585,-0.9970,VPPOC,3,7,Frankfurt,VPPOC_REJECT_LONG
1712775600,1712836785,BUY,18145.08,18082.15,18208.01,18081.83,-1.0051,0.3567,-0.9892,VPPOC,3,16,Late,VPPOC_REJECT_LONG
1713175200,1713195350,BUY,18049.28,17853.13,18245.43,18245.53,1.0005,0.9954,-0.0130,VPPOC,1,7,Frankfurt,VPPOC_REJECT_LONG
1713434400,1713499030,BUY,17898.28,17726.99,18069.57,17725.33,-1.0097,0.1007,-0.9747,VPPOC,4,7,Frankfurt,VPPOC_REJECT_LONG
1713540600,1713545183,BUY,17792.18,17698.40,17822.07,17822.43,0.3226,0.3119,-0.4516,VPPOC,5,12,Midday,VPPOC_REJECT_LONG
1714730400,1715001834,BUY,18021.48,17838.41,18204.55,18204.63,1.0004,0.9950,-0.4455,VPPOC,5,7,Frankfurt,VPPOC_REJECT_LONG
1715619600,1715700637,BUY,18782.28,18665.43,18899.13,18665.34,-1.0008,0.0381,-0.9987,VPPOC,1,14,USOverlap,VPPOC_REJECT_LONG
1715705100,1715772256,BUY,18743.28,18658.91,18827.65,18827.73,1.0009,0.9891,-0.1369,VPPOC,2,13,USOverlap,VPPOC_REJECT_LONG
1716372000,1716498274,BUY,18704.78,18596.95,18812.61,18596.63,-1.0030,0.6478,-0.9974,VPPOC,3,7,Frankfurt,VPPOC_REJECT_LONG
1717092900,1717125393,BUY,18514.38,18445.74,18583.02,18445.53,-1.0031,0.5602,-0.9885,VPPOC,4,15,USOverlap,VPPOC_REJECT_LONG
1717177500,1717179314,BUY,18467.38,18388.36,18504.70,18504.83,0.4739,0.4613,-0.0323,VPPOC,5,14,USOverlap,VPPOC_REJECT_LONG
1717772400,1717774205,BUY,18493.18,18408.54,18523.97,18524.01,0.3642,0.3633,-0.0419,VPPOC,5,12,Midday,VPPOC_REJECT_LONG
1718032500,1718097683,BUY,18483.98,18408.35,18559.61,18559.93,1.0042,0.9910,-0.9725,VPPOC,1,12,Midday,VPPOC_REJECT_LONG
1718631901,1718908502,BUY,18035.08,17913.90,18264.68,18264.83,1.8959,1.8827,-0.1201,VPPOC,1,10,London,VPPOC_REJECT_LONG
1721311200,1721326777,BUY,18493.93,18383.81,18604.05,18383.77,-1.0004,0.4472,-0.9993,VPPOC,4,11,Midday,VPPOC_REJECT_LONG
1721642400,1721655050,BUY,18258.23,18085.54,18430.92,18431.78,1.0050,0.9992,-0.1590,VPPOC,1,7,Frankfurt,VPPOC_REJECT_LONG
1721826000,1721892772,BUY,18425.23,18323.82,18526.64,18323.58,-1.0024,0.4048,-0.9925,VPPOC,3,10,London,VPPOC_REJECT_LONG
1722335400,1722415366,BUY,18378.83,18250.84,18506.82,18507.48,1.0052,0.9973,-0.2770,VPPOC,2,7,Frankfurt,VPPOC_REJECT_LONG
1723558500,1723610838,BUY,17721.53,17572.30,17870.76,17871.98,1.0082,0.9914,-0.1739,VPPOC,2,11,Midday,VPPOC_REJECT_LONG
1724670000,1724708715,BUY,18579.78,18491.73,18647.47,18648.23,0.7774,0.7660,-0.1198,VPPOC,1,8,London,VPPOC_REJECT_LONG
1725289200,1725298211,BUY,18902.78,18829.89,18934.12,18934.23,0.4315,0.4178,-0.1996,VPPOC,1,12,Midday,VPPOC_REJECT_LONG
1725375600,1725381712,BUY,18892.78,18826.35,18959.21,18826.27,-1.0012,0.1272,-0.9989,VPPOC,2,12,Midday,VPPOC_REJECT_LONG
1725540300,1725617170,BUY,18612.78,18514.45,18711.11,18514.03,-1.0043,0.7877,-0.9458,VPPOC,4,9,London,VPPOC_REJECT_LONG
1725876000,1725994728,BUY,18391.28,18224.01,18558.55,18223.73,-1.0017,0.7701,-0.9957,VPPOC,1,7,Frankfurt,VPPOC_REJECT_LONG
1726054200,1726074889,BUY,18364.08,18270.56,18448.66,18269.73,-1.0089,0.8945,-0.9982,VPPOC,3,8,London,VPPOC_REJECT_LONG
1726080300,1726087648,BUY,18386.28,18266.06,18448.66,18454.73,0.5694,0.5111,-0.3207,VPPOC,3,15,USOverlap,VPPOC_REJECT_LONG
1726506000,1726578611,BUY,18666.18,18546.58,18785.78,18786.08,1.0025,0.9971,-0.3558,VPPOC,1,14,USOverlap,VPPOC_REJECT_LONG
1726853400,1727098829,BUY,18759.88,18643.02,18827.83,18828.23,0.5849,0.5763,-0.6247,VPPOC,5,14,USOverlap,VPPOC_REJECT_LONG
1727863200,1727878808,BUY,19213.73,19085.45,19342.01,19085.13,-1.0025,0.3695,-0.9959,VPPOC,3,7,Frankfurt,VPPOC_REJECT_LONG
1728051301,1728364358,BUY,19058.13,18967.50,19244.96,18967.28,-1.0024,1.9800,-0.9908,VPPOC,5,11,Midday,VPPOC_REJECT_LONG
1728396000,1728406846,BUY,19073.03,18973.67,19101.27,19102.08,0.2924,0.2823,-0.0951,VPPOC,2,11,Midday,VPPOC_REJECT_LONG
1729078200,1729098254,BUY,19470.18,19379.52,19498.27,19499.63,0.3248,0.3028,-0.6789,VPPOC,3,8,London,VPPOC_REJECT_LONG
1729159200,1729181384,BUY,19492.48,19349.09,19635.87,19635.93,1.0004,0.9994,-0.1573,VPPOC,4,7,Frankfurt,VPPOC_REJECT_LONG
1729591200,1729603956,BUY,19545.68,19390.04,19610.54,19388.13,-1.0123,0.2792,-0.9609,VPPOC,2,7,Frankfurt,VPPOC_REJECT_LONG
1729764900,1730197809,BUY,19460.93,19313.19,19608.67,19608.93,1.0018,0.9950,-0.7435,VPPOC,4,7,Frankfurt,VPPOC_REJECT_LONG
1730748600,1730828186,BUY,19133.43,19036.03,19224.30,19224.48,0.9348,0.9143,-0.2972,VPPOC,1,16,Late,VPPOC_REJECT_LONG
1731940200,1731994312,BUY,19192.23,19037.83,19240.71,19243.28,0.3306,0.3112,-0.6052,VPPOC,1,11,Midday,VPPOC_REJECT_LONG
1732186800,1732211663,BUY,19018.63,18848.08,19144.58,19144.98,0.7408,0.7350,-0.6488,VPPOC,4,8,London,VPPOC_REJECT_LONG
1732701600,1732713682,BUY,19320.03,19162.85,19410.58,19162.58,-1.0017,0.0480,-0.9954,VPPOC,3,7,Frankfurt,VPPOC_REJECT_LONG
1733743800,1733801993,BUY,20406.43,20303.81,20509.05,20303.18,-1.0061,0.3951,-0.9745,VPPOC,1,8,London,VPPOC_REJECT_LONG
1733914800,1733997760,BUY,20359.33,20256.43,20462.23,20463.38,1.0112,0.9820,-0.1501,VPPOC,3,8,London,VPPOC_REJECT_LONG
1734525000,1734556369,BUY,20329.03,20226.27,20364.95,20225.08,-1.0116,0.3314,-0.9727,VPPOC,3,9,London,VPPOC_REJECT_LONG
1735554600,1735555692,BUY,19918.93,19836.93,19942.45,19943.48,0.2994,0.2750,-0.0909,VPPOC,1,7,Frankfurt,VPPOC_REJECT_LONG
1693588500,1693823280,BUY,15891.57,15768.80,15931.62,15931.93,0.3287,0.3206,-0.5459,VPPOC,5,14,USOverlap,VPPOC_REJECT_LONG
1693843200,1693889763,BUY,15880.98,15794.27,15930.00,15794.23,-1.0005,0.0513,-0.9947,VPPOC,1,13,USOverlap,VPPOC_REJECT_LONG
1694087100,1694172900,BUY,15721.38,15639.16,15803.60,15638.93,-1.0028,0.8933,-0.9906,VPPOC,4,8,London,VPPOC_REJECT_LONG
1694527200,1694579928,BUY,15763.98,15679.92,15805.50,15673.23,-1.0796,0.0529,-0.9904,VPPOC,2,11,Midday,VPPOC_REJECT_LONG
1694705400,1694706186,BUY,15670.56,15551.46,15705.50,15706.23,0.2995,0.2911,-0.2060,VPPOC,4,12,Midday,VPPOC_REJECT_LONG
1695636000,1695654647,BUY,15531.78,15387.67,15675.89,15387.23,-1.0031,0.2946,-0.9961,VPPOC,1,7,Frankfurt,VPPOC_REJECT_LONG
1695895200,1695978752,BUY,15228.08,15085.19,15370.97,15371.33,1.0025,0.9955,-0.6897,VPPOC,4,7,Frankfurt,VPPOC_REJECT_LONG
1696254300,1696265791,BUY,15354.28,15255.61,15403.80,15254.73,-1.0089,0.3694,-0.9886,VPPOC,1,10,London,VPPOC_REJECT_LONG
1696500000,1696618198,BUY,15115.98,14967.64,15264.32,15265.03,1.0048,0.9980,-0.6064,VPPOC,4,7,Frankfurt,VPPOC_REJECT_LONG
1696849200,1696908373,BUY,15130.38,15020.00,15240.76,15241.13,1.0034,0.9988,-0.4652,VPPOC,1,8,London,VPPOC_REJECT_LONG
1697536800,1697558112,BUY,15228.08,15132.65,15323.51,15130.83,-1.0191,0.6177,-0.9908,VPPOC,2,7,Frankfurt,VPPOC_REJECT_LONG
1697562900,1697669288,BUY,15195.08,15034.25,15355.91,15033.73,-1.0032,0.6619,-0.9970,VPPOC,2,14,USOverlap,VPPOC_REJECT_LONG
1698055200,1698058645,BUY,14826.68,14709.50,14875.70,14708.93,-1.0049,0.0806,-0.9946,VPPOC,1,7,Frankfurt,VPPOC_REJECT_LONG
1698342300,1698406797,BUY,14740.58,14613.65,14795.18,14796.13,0.4376,0.4298,-0.7276,VPPOC,4,14,USOverlap,VPPOC_REJECT_LONG
1698430500,1698443830,BUY,14703.68,14586.08,14821.28,14585.73,-1.0030,0.1144,-0.9945,VPPOC,5,15,USOverlap,VPPOC_REJECT_LONG
1699374600,1699459230,BUY,15136.78,15051.97,15221.59,15222.43,1.0099,0.9981,-0.6857,VPPOC,2,13,USOverlap,VPPOC_REJECT_LONG
1701087300,1701164152,BUY,16006.68,15932.34,16081.02,15932.23,-1.0015,0.2885,-0.9880,VPPOC,1,9,London,VPPOC_REJECT_LONG
1701195300,1701227700,BUY,15993.68,15927.31,16011.50,16016.33,0.3413,0.3714,-0.4407,VPPOC,2,15,USOverlap,VPPOC_REJECT_LONG
1702902600,1702918596,BUY,16751.08,16662.94,16839.22,16662.03,-1.0103,0.0051,-0.9990,VPPOC,1,9,London,VPPOC_REJECT_LONG
1702980900,1704186708,BUY,16712.38,16588.54,16836.22,16836.53,1.0025,0.9944,-0.7312,VPPOC,2,7,Frankfurt,VPPOC_REJECT_LONG
1704384900,1704459029,BUY,16567.18,16461.18,16779.98,16460.43,-1.0071,0.6458,-0.9976,VPPOC,4,13,USOverlap,VPPOC_REJECT_LONG
1705317300,1705317787,BUY,16675.88,16588.65,16702.14,16702.33,0.3032,0.2918,-0.0866,VPPOC,1,8,London,VPPOC_REJECT_LONG
1705321800,1705374900,BUY,16671.28,16599.95,16702.14,16566.73,-1.4657,0.1745,-1.4938,VPPOC,1,9,London,VPPOC_REJECT_LONG
1706033700,1706066100,BUY,16655.68,16573.86,16683.04,16698.53,0.5237,0.6215,-0.3000,VPPOC,2,15,USOverlap,VPPOC_REJECT_LONG
1706530500,1706552976,BUY,16889.58,16809.56,16949.92,16950.03,0.7554,0.7429,-0.2193,VPPOC,1,9,London,VPPOC_REJECT_LONG
1706722200,1706738542,BUY,16924.48,16848.08,16974.26,16847.93,-1.0020,0.1630,-0.9889,VPPOC,3,14,USOverlap,VPPOC_REJECT_LONG
1706803200,1706830200,BUY,16909.38,16826.70,16992.06,16997.03,1.0601,0.9634,-0.9863,VPPOC,4,13,USOverlap,VPPOC_REJECT_LONG
1707128100,1707213629,BUY,16939.68,16852.48,16990.20,16992.13,0.6015,0.5556,-0.8205,VPPOC,1,7,Frankfurt,VPPOC_REJECT_LONG
1707905700,1707918362,BUY,16873.78,16785.33,16941.90,16942.03,0.7716,0.7603,-0.1441,VPPOC,3,7,Frankfurt,VPPOC_REJECT_LONG
1708337700,1708517670,BUY,17091.28,17009.78,17133.26,17133.83,0.5221,0.5098,-0.8006,VPPOC,1,7,Frankfurt,VPPOC_REJECT_LONG
1709550000,1709625121,BUY,17749.78,17680.44,17819.12,17680.43,-1.0001,0.3670,-0.9857,VPPOC,1,8,London,VPPOC_REJECT_LONG
1709663400,1709677363,BUY,17714.78,17648.12,17756.62,17647.23,-1.0134,0.2468,-0.9983,VPPOC,2,15,USOverlap,VPPOC_REJECT_LONG
1710782100,1710854513,BUY,17985.68,17900.39,18036.46,18037.43,0.6068,0.5856,-0.6783,VPPOC,1,14,USOverlap,VPPOC_REJECT_LONG
1712829600,1712829641,BUY,18125.58,18063.32,18146.36,18146.37,0.3339,0.3273,-0.0570,VPPOC,4,7,Frankfurt,VPPOC_REJECT_LONG
1713175200,1713245888,BUY,18049.28,17839.91,18258.65,17838.93,-1.0047,0.9765,-0.9951,VPPOC,1,7,Frankfurt,VPPOC_REJECT_LONG
1713348900,1713499735,BUY,17837.78,17689.31,17986.25,17684.33,-1.0335,0.8470,-0.9830,VPPOC,3,7,Frankfurt,VPPOC_REJECT_LONG
1713540600,1713755700,BUY,17792.18,17683.65,17822.98,17839.73,0.4381,0.2787,-0.7081,VPPOC,5,12,Midday,VPPOC_REJECT_LONG
1714730400,1715007747,BUY,18021.48,17821.94,18221.02,18221.63,1.0031,0.9980,-0.4087,VPPOC,5,7,Frankfurt,VPPOC_REJECT_LONG
1715619600,1715700640,BUY,18782.28,18650.90,18913.66,18650.71,-1.0014,0.0339,-0.9996,VPPOC,1,14,USOverlap,VPPOC_REJECT_LONG
1715701500,1715752982,BUY,18738.28,18656.19,18820.37,18820.93,1.0068,0.9946,-0.2503,VPPOC,2,12,Midday,VPPOC_REJECT_LONG
1715885100,1715942173,BUY,18753.88,18660.52,18868.42,18658.53,-1.0213,0.0262,-0.9945,VPPOC,4,15,USOverlap,VPPOC_REJECT_LONG
1716372000,1716498365,BUY,18704.78,18586.06,18823.50,18585.63,-1.0036,0.5884,-0.9952,VPPOC,3,7,Frankfurt,VPPOC_REJECT_LONG
1717071301,1717195747,BUY,18505.38,18433.52,18577.24,18577.33,1.0013,0.9873,-0.9929,VPPOC,4,9,London,VPPOC_REJECT_LONG
1717772400,1717777095,BUY,18493.18,18396.16,18535.94,18536.63,0.4478,0.4375,-0.6447,VPPOC,5,12,Midday,VPPOC_REJECT_LONG
1718032500,1718110434,BUY,18483.98,18395.27,18572.69,18394.43,-1.0095,0.9238,-0.9982,VPPOC,1,12,Midday,VPPOC_REJECT_LONG
1718618400,1719247834,BUY,18107.58,17872.68,18342.48,18342.62,1.0006,0.9980,-0.5238,VPPOC,1,7,Frankfurt,VPPOC_REJECT_LONG
1719396000,1720174755,BUY,18285.28,18001.21,18569.35,18569.39,1.0001,0.9988,-0.8799,VPPOC,3,7,Frankfurt,VPPOC_REJECT_LONG
1721211300,1721225838,BUY,18522.83,18383.67,18661.99,18383.38,-1.0021,0.1692,-0.9949,VPPOC,3,7,Frankfurt,VPPOC_REJECT_LONG
1721311200,1721327339,BUY,18493.93,18369.20,18618.66,18369.18,-1.0002,0.3949,-0.9921,VPPOC,4,11,Midday,VPPOC_REJECT_LONG
1721642400,1721662200,BUY,18258.23,18070.54,18445.92,18446.78,1.0046,0.9993,-0.1463,VPPOC,1,7,Frankfurt,VPPOC_REJECT_LONG
1721826000,1721896285,BUY,18425.23,18308.90,18548.27,18308.28,-1.0053,0.3529,-0.9964,VPPOC,3,10,London,VPPOC_REJECT_LONG
1723558500,1723631165,BUY,17721.53,17550.31,17892.75,17893.28,1.0031,0.9984,-0.1516,VPPOC,2,11,Midday,VPPOC_REJECT_LONG
1724670000,1724686679,BUY,18579.78,18476.92,18624.45,18625.23,0.4419,0.4321,-0.1026,VPPOC,1,8,London,VPPOC_REJECT_LONG
1725288300,1725298211,BUY,18902.78,18818.38,18933.91,18934.23,0.3726,0.3608,-0.1724,VPPOC,1,11,Midday,VPPOC_REJECT_LONG
1725373800,1725382835,BUY,18893.78,18778.95,19008.61,18778.85,-1.0009,0.0649,-0.9975,VPPOC,2,11,Midday,VPPOC_REJECT_LONG
1725540300,1725617213,BUY,18612.78,18502.38,18723.18,18501.03,-1.0122,0.7015,-0.9946,VPPOC,4,9,London,VPPOC_REJECT_LONG
1725876000,1725994983,BUY,18391.28,18211.01,18571.55,18210.73,-1.0016,0.7146,-0.9960,VPPOC,1,7,Frankfurt,VPPOC_REJECT_LONG
1726052401,1726074889,BUY,18362.28,18270.40,18448.26,18269.73,-1.0073,0.9300,-0.9964,VPPOC,3,8,London,VPPOC_REJECT_LONG
1726080300,1726087648,BUY,18386.28,18251.90,18448.26,18454.73,0.5094,0.4573,-0.2869,VPPOC,3,15,USOverlap,VPPOC_REJECT_LONG
1726853400,1727098814,BUY,18759.88,18626.85,18827.12,18827.23,0.5063,0.5044,-0.5487,VPPOC,5,14,USOverlap,VPPOC_REJECT_LONG
1727863200,1727887356,BUY,19213.73,19070.09,19366.39,19069.81,-1.0019,0.3300,-0.9998,VPPOC,3,7,Frankfurt,VPPOC_REJECT_LONG
1728046800,1728274802,BUY,19060.13,18951.06,19206.25,19208.58,1.3611,1.3345,-0.2425,VPPOC,5,10,London,VPPOC_REJECT_LONG
1728305100,1728315492,BUY,19070.43,18928.28,19119.07,19119.28,0.3437,0.3406,-0.1298,VPPOC,1,9,London,VPPOC_REJECT_LONG
1728396000,1728406846,BUY,19073.03,18957.37,19102.71,19104.08,0.2685,0.2512,-0.0817,VPPOC,2,11,Midday,VPPOC_REJECT_LONG
1729078200,1729098251,BUY,19470.18,19363.40,19497.47,19497.63,0.2571,0.2477,-0.5764,VPPOC,3,8,London,VPPOC_REJECT_LONG
1729159200,1729182209,BUY,19492.48,19334.27,19650.69,19650.93,1.0015,0.9952,-0.1425,VPPOC,4,7,Frankfurt,VPPOC_REJECT_LONG
1729591200,1729604222,BUY,19545.68,19375.76,19715.60,19375.13,-1.0037,0.2557,-0.9981,VPPOC,2,7,Frankfurt,VPPOC_REJECT_LONG
1729685700,1729718164,BUY,19433.28,19308.13,19558.43,19307.73,-1.0032,0.2753,-0.9952,VPPOC,3,9,London,VPPOC_REJECT_LONG
1729764900,1730196272,BUY,19460.93,19326.07,19595.79,19597.58,1.0133,0.9984,-0.8145,VPPOC,4,7,Frankfurt,VPPOC_REJECT_LONG
1730748600,1730806691,BUY,19133.43,19022.04,19218.27,19218.48,0.7635,0.7546,-0.2599,VPPOC,1,16,Late,VPPOC_REJECT_LONG
1731940200,1732015460,BUY,19192.23,19017.17,19367.29,19017.08,-1.0005,0.3944,-0.9948,VPPOC,1,11,Midday,VPPOC_REJECT_LONG
1732186800,1732211700,BUY,19018.63,18826.64,19148.25,19149.98,0.6842,0.6737,-0.5763,VPPOC,4,8,London,VPPOC_REJECT_LONG
1732701600,1732793162,BUY,19320.03,19142.73,19428.75,19430.58,0.6235,0.6122,-0.9106,VPPOC,3,7,Frankfurt,VPPOC_REJECT_LONG
1733743800,1733806313,BUY,20406.43,20287.21,20525.65,20287.18,-1.0003,0.3401,-0.9919,VPPOC,1,8,London,VPPOC_REJECT_LONG
1733855400,1734082215,BUY,20379.43,20288.06,20470.80,20471.78,1.0107,0.9998,-0.7918,VPPOC,2,15,USOverlap,VPPOC_REJECT_LONG
1734436800,1734474047,BUY,20358.73,20260.88,20456.58,20260.28,-1.0061,0.3173,-0.9959,VPPOC,2,9,London,VPPOC_REJECT_LONG
1734524100,1734556551,BUY,20313.03,20213.60,20366.17,20212.08,-1.0153,0.5034,-0.9932,VPPOC,3,9,London,VPPOC_REJECT_LONG
1735554600,1735555692,BUY,19918.93,19825.17,19942.55,19943.48,0.2618,0.2405,-0.0795,VPPOC,1,7,Frankfurt,VPPOC_REJECT_LONG
1693588500,1693823101,BUY,15891.57,15792.28,15930.71,15930.93,0.3964,0.3863,-0.6750,VPPOC,5,14,USOverlap,VPPOC_REJECT_LONG
1694084400,1694174451,BUY,15731.38,15609.41,15853.35,15608.93,-1.0039,0.5202,-0.9957,VPPOC,4,8,London,VPPOC_REJECT_LONG
1694515500,1694519161,BUY,15803.48,15717.98,15888.98,15717.23,-1.0088,0.0000,-0.9971,VPPOC,2,7,Frankfurt,VPPOC_REJECT_LONG
1695636000,1695642458,BUY,15531.78,15408.70,15654.86,15407.23,-1.0119,0.3449,-0.9957,VPPOC,1,7,Frankfurt,VPPOC_REJECT_LONG
1696257000,1696265450,BUY,15390.28,15279.56,15501.00,15278.73,-1.0075,0.0041,-0.9985,VPPOC,1,11,Midday,VPPOC_REJECT_LONG
1696500000,1696933006,BUY,15115.98,14891.70,15340.26,15340.73,1.0021,0.9976,-0.4011,VPPOC,4,7,Frankfurt,VPPOC_REJECT_LONG
1697536800,1697666792,BUY,15228.08,15045.39,15410.77,15044.73,-1.0036,0.4020,-0.9981,VPPOC,2,7,Frankfurt,VPPOC_REJECT_LONG
1698141600,1698923822,BUY,14813.68,14573.03,15054.33,15054.33,1.0000,0.9958,-0.9472,VPPOC,2,7,Frankfurt,VPPOC_REJECT_LONG
1699376400,1699458929,BUY,15148.78,15025.29,15214.49,15214.57,0.5328,0.5294,-0.5681,VPPOC,2,14,USOverlap,VPPOC_REJECT_LONG
1700495100,1700510611,BUY,15890.28,15821.72,15926.59,15926.73,0.5317,0.5171,-0.1539,VPPOC,1,12,Midday,VPPOC_REJECT_LONG
1701087300,1701087991,BUY,16006.68,15949.69,16022.81,16023.13,0.2886,0.2711,-0.0974,VPPOC,1,9,London,VPPOC_REJECT_LONG
1701252000,1701254375,BUY,16024.58,15959.73,16089.43,16089.93,1.0077,0.9923,-0.2567,VPPOC,3,7,Frankfurt,VPPOC_REJECT_LONG
1702389600,1702391576,BUY,16778.28,16743.76,16796.77,16797.73,0.5634,0.5345,-0.1028,VPPOC,2,11,Midday,VPPOC_REJECT_LONG
1702899000,1702919668,BUY,16756.08,16650.63,16861.53,16650.03,-1.0057,0.0327,-0.9962,VPPOC,1,8,London,VPPOC_REJECT_LONG
1702980900,1703056424,BUY,16712.38,16607.84,16816.92,16817.73,1.0077,0.9991,-0.1698,VPPOC,2,7,Frankfurt,VPPOC_REJECT_LONG
1703170800,1703174699,BUY,16680.98,16603.89,16713.01,16713.43,0.4209,0.4080,-0.0331,VPPOC,4,12,Midday,VPPOC_REJECT_LONG
1703844900,1704186734,BUY,16754.78,16667.26,16842.30,16842.53,1.0026,0.9912,-0.4176,VPPOC,5,7,Frankfurt,VPPOC_REJECT_LONG
1704396600,1704439294,BUY,16614.18,16551.37,16780.05,16550.63,-1.0118,0.0000,-0.9959,VPPOC,4,16,Late,VPPOC_REJECT_LONG
1704989700,1704992816,BUY,16682.88,16606.65,16759.11,16606.33,-1.0042,0.6225,-0.9911,VPPOC,4,13,USOverlap,VPPOC_REJECT_LONG
1705074300,1705297976,BUY,16675.78,16568.50,16783.06,16783.43,1.0034,0.9988,-0.0424,VPPOC,5,12,Midday,VPPOC_REJECT_LONG
1705318200,1705374900,BUY,16700.88,16595.78,16805.98,16566.73,-1.2764,0.0138,-1.2954,VPPOC,1,8,London,VPPOC_REJECT_LONG
1705572000,1705587202,BUY,16472.18,16306.11,16564.13,16564.63,0.5567,0.5507,-0.2683,VPPOC,4,7,Frankfurt,VPPOC_REJECT_LONG
1706028300,1706029891,BUY,16666.68,16592.18,16691.47,16692.13,0.3416,0.3282,-0.1148,VPPOC,2,13,USOverlap,VPPOC_REJECT_LONG
1706033700,1706066100,BUY,16655.68,16597.18,16691.47,16698.53,0.7325,0.8692,-0.4197,VPPOC,2,15,USOverlap,VPPOC_REJECT_LONG
1706534101,1706552976,BUY,16904.58,16830.56,16949.83,16950.03,0.6140,0.6005,-0.4397,VPPOC,1,10,London,VPPOC_REJECT_LONG
1706724900,1706738522,BUY,16933.48,16855.52,16975.37,16854.93,-1.0076,0.0443,-0.9947,VPPOC,3,15,USOverlap,VPPOC_REJECT_LONG
1706804100,1706810345,BUY,16912.38,16846.22,16978.54,16845.83,-1.0059,0.0000,-0.9908,VPPOC,4,13,USOverlap,VPPOC_REJECT_LONG
1706868000,1708082513,BUY,16982.98,16788.80,17177.16,17177.33,1.0009,0.9983,-0.9947,VPPOC,5,7,Frankfurt,VPPOC_REJECT_LONG
1708337700,1708424562,BUY,17091.28,17028.65,17153.91,17028.03,-1.0099,0.2563,-0.9939,VPPOC,1,7,Frankfurt,VPPOC_REJECT_LONG
1708430400,1708517972,BUY,17064.58,16990.23,17138.93,17139.83,1.0121,0.9987,-0.3840,VPPOC,2,9,London,VPPOC_REJECT_LONG
1709550900,1709608630,BUY,17762.78,17698.13,17827.43,17697.93,-1.0031,0.1926,-1.0108,VPPOC,1,8,London,VPPOC_REJECT_LONG
1709654400,1709657337,BUY,17731.78,17679.55,17755.81,17756.23,0.4681,0.4490,-0.2786,VPPOC,2,13,USOverlap,VPPOC_REJECT_LONG
1709667000,1709676049,BUY,17731.78,17664.55,17755.81,17664.23,-1.0048,0.0000,-0.9899,VPPOC,2,16,Late,VPPOC_REJECT_LONG
1710789300,1710854510,BUY,17989.68,17914.44,18035.51,18035.63,0.6107,0.5974,-0.8220,VPPOC,1,16,Late,VPPOC_REJECT_LONG
1712570400,1712590510,BUY,18236.48,18102.95,18370.01,18370.93,1.0069,0.9994,-0.0191,VPPOC,1,7,Frankfurt,VPPOC_REJECT_LONG
1712743200,1712764264,BUY,18223.58,18074.83,18372.33,18074.03,-1.0054,0.4871,-0.9987,VPPOC,3,7,Frankfurt,VPPOC_REJECT_LONG
1712830500,1712836791,BUY,18142.38,18080.75,18204.01,18079.83,-1.0149,0.2669,-0.9987,VPPOC,4,7,Frankfurt,VPPOC_REJECT_LONG
1713175200,1713195304,BUY,18049.28,17863.79,18234.77,18235.73,1.0052,0.9998,-0.0137,VPPOC,1,7,Frankfurt,VPPOC_REJECT_LONG
1713348900,1713359223,BUY,17837.78,17715.75,17959.81,17960.53,1.0059,0.9977,-0.2995,VPPOC,3,7,Frankfurt,VPPOC_REJECT_LONG
1713434400,1713496853,BUY,17898.28,17738.88,18057.68,17738.83,-1.0003,0.1082,-0.9940,VPPOC,4,7,Frankfurt,VPPOC_REJECT_LONG
1713545100,1713755700,BUY,17799.38,17707.28,17823.03,17839.73,0.4381,0.2503,-0.9126,VPPOC,5,13,USOverlap,VPPOC_REJECT_LONG
1714066200,1714086278,BUY,17926.28,17781.94,18070.62,18071.18,1.0039,0.9970,-0.1008,VPPOC,4,14,USOverlap,VPPOC_REJECT_LONG
1714730400,1715000929,BUY,18021.48,17851.69,18191.27,18191.63,1.0021,0.9962,-0.4803,VPPOC,5,7,Frankfurt,VPPOC_REJECT_LONG
1715619600,1715700628,BUY,18782.28,18677.14,18887.42,18677.02,-1.0011,0.0423,-0.9988,VPPOC,1,14,USOverlap,VPPOC_REJECT_LONG
1715885100,1715927563,BUY,18753.88,18683.51,18868.43,18681.78,-1.0246,0.0348,-0.9855,VPPOC,4,15,USOverlap,VPPOC_REJECT_LONG
1716372000,1716412879,BUY,18704.78,18605.73,18803.83,18605.23,-1.0050,0.2852,-0.9950,VPPOC,3,7,Frankfurt,VPPOC_REJECT_LONG
1716484500,1716498160,BUY,18695.18,18603.17,18787.19,18602.63,-1.0059,0.2983,-0.9950,VPPOC,4,14,USOverlap,VPPOC_REJECT_LONG
1717071301,1717125332,BUY,18505.38,18453.78,18556.98,18452.13,-1.0320,0.9196,-0.9762,VPPOC,4,9,London,VPPOC_REJECT_LONG
1717150500,1717176370,BUY,18507.38,18444.48,18570.28,18443.78,-1.0111,0.7703,-0.9944,VPPOC,5,7,Frankfurt,VPPOC_REJECT_LONG
1717178400,1717196141,BUY,18501.38,18397.48,18605.28,18605.33,1.0005,0.9909,-0.2074,VPPOC,5,15,USOverlap,VPPOC_REJECT_LONG
1717774200,1718013748,BUY,18518.38,18418.52,18618.24,18417.23,-1.0129,0.9543,-0.9829,VPPOC,5,12,Midday,VPPOC_REJECT_LONG
1718032500,1718037196,BUY,18483.98,18418.89,18549.07,18418.43,-1.0071,0.0991,-0.9917,VPPOC,1,12,Midday,VPPOC_REJECT_LONG
1718043300,1718110862,BUY,18484.98,18364.89,18605.07,18364.43,-1.0038,0.6741,-0.9876,VPPOC,1,15,USOverlap,VPPOC_REJECT_LONG
1718285400,1718297772,BUY,18434.38,18361.66,18634.03,18360.83,-1.0114,0.7439,-0.9977,VPPOC,4,10,London,VPPOC_REJECT_LONG
1718618400,1719247721,BUY,18107.58,17902.43,18312.73,18313.43,1.0034,0.9998,-0.5998,VPPOC,1,7,Frankfurt,VPPOC_REJECT_LONG
1719396000,1720174352,BUY,18285.28,18029.23,18541.33,18541.83,1.0020,0.9988,-0.9762,VPPOC,3,7,Frankfurt,VPPOC_REJECT_LONG
1721212200,1721225684,BUY,18541.83,18397.47,18686.19,18397.38,-1.0006,0.0177,-0.9937,VPPOC,3,7,Frankfurt,VPPOC_REJECT_LONG
1721313901,1721324580,BUY,18498.63,18423.29,18573.97,18423.18,-1.0015,0.5913,-0.9882,VPPOC,4,11,Midday,VPPOC_REJECT_LONG
1721642400,1721653634,BUY,18258.23,18097.64,18418.82,18419.78,1.0060,0.9998,-0.1709,VPPOC,1,7,Frankfurt,VPPOC_REJECT_LONG
1722278700,1722279936,BUY,18344.93,18258.64,18376.64,18377.48,0.3772,0.3656,-0.0284,VPPOC,1,15,USOverlap,VPPOC_REJECT_LONG
1722507300,1722508812,BUY,18414.73,18344.80,18525.32,18344.28,-1.0074,0.1509,-0.9931,VPPOC,4,7,Frankfurt,VPPOC_REJECT_LONG
1723558500,1723586484,BUY,17721.53,17590.03,17853.03,17853.08,1.0004,0.9928,-0.1973,VPPOC,2,11,Midday,VPPOC_REJECT_LONG
1724670900,1724687972,BUY,18595.78,18503.67,18625.96,18626.23,0.3306,0.3197,-0.2882,VPPOC,1,8,London,VPPOC_REJECT_LONG
1725295500,1725299416,BUY,18911.78,18855.16,18947.82,18948.23,0.6438,0.6261,-0.1687,VPPOC,1,13,USOverlap,VPPOC_REJECT_LONG
1725373800,1725382238,BUY,18893.78,18799.54,18988.02,18799.24,-1.0032,0.0791,-0.9978,VPPOC,2,11,Midday,VPPOC_REJECT_LONG
1725540300,1725595800,BUY,18612.78,18524.19,18701.37,18522.78,-1.0159,0.8743,-0.9397,VPPOC,4,9,London,VPPOC_REJECT_LONG
1725971400,1725984970,BUY,18411.28,18323.39,18468.14,18322.73,-1.0075,0.6309,-0.9961,VPPOC,2,9,London,VPPOC_REJECT_LONG
1726082100,1726087648,BUY,18403.28,18298.46,18447.95,18454.73,0.4908,0.4241,-0.1197,VPPOC,3,16,Late,VPPOC_REJECT_LONG
1726506000,1726577434,BUY,18666.18,18559.00,18773.36,18774.43,1.0100,0.9820,-0.3970,VPPOC,1,14,USOverlap,VPPOC_REJECT_LONG
1726853400,1727098844,BUY,18759.88,18656.05,18828.65,18829.23,0.6679,0.6583,-0.7031,VPPOC,5,14,USOverlap,VPPOC_REJECT_LONG
1727864100,1727878135,BUY,19231.68,19097.82,19366.06,19097.13,-1.0052,0.2200,-0.9977,VPPOC,3,7,Frankfurt,VPPOC_REJECT_LONG
1728299700,1728315613,BUY,19061.13,18971.51,19120.06,19120.28,0.6600,0.6489,-0.5373,VPPOC,1,8,London,VPPOC_REJECT_LONG
1728409500,1728415766,BUY,19073.53,18989.32,19102.12,19102.58,0.3450,0.3331,-0.1300,VPPOC,2,14,USOverlap,VPPOC_REJECT_LONG
1728469800,1728471478,BUY,19048.03,18966.10,19078.08,19078.58,0.3729,0.3607,-0.0909,VPPOC,3,7,Frankfurt,VPPOC_REJECT_LONG
1729076400,1729165765,BUY,19482.18,19373.52,19590.84,19590.93,1.0008,0.9916,-0.6769,VPPOC,3,8,London,VPPOC_REJECT_LONG
1729591200,1729601081,BUY,19545.68,19401.54,19611.97,19399.93,-1.0112,0.3014,-0.9973,VPPOC,2,7,Frankfurt,VPPOC_REJECT_LONG
1729678500,1729717709,BUY,19439.78,19318.35,19561.21,19317.73,-1.0051,0.2302,-0.9969,VPPOC,3,7,Frankfurt,VPPOC_REJECT_LONG
1729764900,1729844646,BUY,19460.93,19351.57,19570.29,19351.08,-1.0045,0.8851,-0.9770,VPPOC,4,7,Frankfurt,VPPOC_REJECT_LONG
1729853100,1729877155,BUY,19424.38,19336.01,19512.75,19512.83,1.0009,0.9896,-0.3910,VPPOC,5,7,Frankfurt,VPPOC_REJECT_LONG
1730128500,1730130936,BUY,19426.48,19363.52,19481.74,19481.93,0.8807,0.8648,-0.4693,VPPOC,1,12,Midday,VPPOC_REJECT_LONG
1730804400,1730828442,BUY,19184.93,19047.04,19234.16,19234.48,0.3593,0.3521,-0.3441,VPPOC,2,8,London,VPPOC_REJECT_LONG
1731930300,1731994312,BUY,19187.83,19094.97,19240.64,19243.28,0.5971,0.5648,-0.9590,VPPOC,1,8,London,VPPOC_REJECT_LONG
1732701600,1732707312,BUY,19320.03,19179.06,19409.94,19177.58,-1.0105,0.0536,-0.9821,VPPOC,3,7,Frankfurt,VPPOC_REJECT_LONG
1733743800,1733801523,BUY,20406.43,20317.19,20495.67,20316.18,-1.0113,0.4544,-0.9973,VPPOC,1,8,London,VPPOC_REJECT_LONG
1733837400,1734085554,BUY,20383.13,20244.70,20521.56,20521.58,1.0001,0.9929,-0.5494,VPPOC,2,10,London,VPPOC_REJECT_LONG
1734434100,1734492886,BUY,20353.73,20245.61,20461.85,20245.28,-1.0031,0.3334,-1.0031,VPPOC,2,8,London,VPPOC_REJECT_LONG
1734525000,1734556551,BUY,20329.03,20213.98,20366.26,20212.08,-1.0165,0.2960,-0.9974,VPPOC,3,9,London,VPPOC_REJECT_LONG
1735554600,1735555692,BUY,19918.93,19846.42,19943.34,19943.48,0.3386,0.3110,-0.1027,VPPOC,1,7,Frankfurt,VPPOC_REJECT_LONG
